"","Site","Type","Mn","Co","Cu","Sr","Ba","La","Pb"
"1","CHR","train",2.49344410873345,0.466867620354109,1.15715443990628,3.22764250593731,0.737987326333431,0.620136054973757,0.527629900871339
"2","CHR","test",1.81577692029836,0.511883360978874,0.665580991017953,3.12131029116749,0.502427119984433,0.0755469613925307,0.133538908370217
"3","CHR","train",2.27521918678215,0.489958479424835,0.77887447200274,3.17772402848192,0.636487896353365,0.428134794028789,0.374748346010104
"4","CHR","train",1.83103748564003,0.754348335711019,0.936513742478893,3.19259811489408,0.472756449317212,0.146128035678238,0.139879086401236
"5","CHR","train",1.62613497863539,0.60422605308447,1.04960561259497,3.23370158309281,0.570542939881898,0.161368002234975,0.330413773349191
"6","CHR","train",1.26834391395106,0.298853076409707,0.838219221907626,3.2010528299926,0.439332693830263,0.0492180226701817,0.0755469613925307
"7","CHR","test",2.32004237547964,1.10856502373283,0.708420900134713,3.39337511851547,0.510545010206612,0.167317334748176,0.262451089730429
"8","CHR","train",2.00556657113329,0.681241237375587,1.12515582958053,3.40301579723272,0.585460729508501,0.117271295655764,0.181843587944773
"9","CHR","train",2.17108257735753,0.671172842715083,1.27829620809127,3.45885531945636,0.617000341120899,0.100370545117563,0.311753861055754
"10","CHR","test",2.71367530994715,1.02816441942447,1.77400573025821,2.99969154140208,1.22193559982801,0.152288344383056,0.61066016308988
"11","CHR","train",2.03120641982746,0.404833716619938,1.01283722470517,3.42315081040136,0.65417654187796,0.0718820073061254,0.146128035678238
"12","CHR","train",2.01565309853547,0.33645973384853,1.10890312766731,3.40139709398626,0.624282095835668,0.0530784434834197,0.155336037465062
"13","CHR","train",1.94743372188705,0.340444114840118,0.551449997972875,3.28828276916444,0.589949601325708,0.0293837776852097,0.136720567156407
"14","CHR","train",2.07907265885318,0.474216264076255,1.27067883614471,3.2610795935503,0.666517980554881,0.12057393120585,0.184691430817599
"15","CHR","test",2.49099729401525,0.442479769064449,1.03662889536216,3.19201796585988,0.54282542695918,0.130333768495006,0.257678574869184
"16","CHR","train",1.96510758584906,0.267171728403014,1.06520612805431,3.14963780473376,0.540329474790874,0.0644579892269184,0.100370545117563
"17","CHR","train",1.90617336364405,0.369215857410143,1.2145789535705,3.03696805545898,0.531478917042255,0.123851640967086,0.161368002234975
"18","CHR","test",1.8980117387975,0.755112266395071,0.986323777050765,3.04915985433535,0.64640372622307,0.12057393120585,0.342422680822206
"19","DB","test",2.68902456520501,0.985875357308394,0.56702636615906,3.30680875285391,0.679427896612119,0.0755469613925307,0.271841606536499
"20","DB","train",2.7034461485706,0.287801729930226,0.939519252618618,3.37813797334316,0.521138083704036,0.123851640967086,0.281033367247728
"21","DB","train",3.74164079124297,0.613841821876069,1.21192108430851,3.58507138205726,1.0386201619497,0.257678574869184,0.561101383649056
"22","DB","train",2.72460351539672,0.418301291319745,1.22788670461367,3.10761692999178,0.729974285699556,0.117271295655764,0.257678574869184
"23","DB","train",2.94200308962844,0.404833716619938,1.07077646284343,3.44673438766249,0.798650645445269,0.267171728403014,0.225309281725863
"24","DB","train",3.26989336895158,0.644438589467838,1.62889956442061,3.43387379621836,0.887054378050957,0.589949601325708,0.346352974450639
"25","DB","test",3.29670466978357,0.423245873936808,1.17435059747938,3.30610106246836,0.86391737695786,0.779596491257824,0.324282455297693
"26","DB","test",1.96189547366785,0.3654879848909,0.789580712164425,3.37719146848359,0.688419822002711,0.0569048513364726,0.303196057420489
"27","DB","train",1.95114316010755,0.252853030979893,0.643452676486187,3.44503099229381,0.676693609624867,0.100370545117563,0.350248018334163
"28","DB","train",2.05053441954012,0.392696953259666,0.966610986681934,3.55950684230632,0.911690158753861,0.176091259055681,0.198657086954423
"29","DB","test",2.1131073665205,0.271841606536499,1.15289959639375,3.47421626407626,0.80413943233535,0.146128035678238,0.749736315569061
"30","DB","train",2.06486962505981,0.313867220369153,0.974971994298069,3.48632419476974,0.838849090737255,0.204119982655925,0.255272505103306
"31","DB","train",2.15097123206261,0.209515014542631,0.696356388733332,3.49972693692884,0.658964842664435,0.164352855784437,0.133538908370217
"32","DB","train",1.88479536394898,0.161368002234975,0.471291711058939,3.20039627522543,0.57287160220048,0.0334237554869497,0.107209969647868
"33","DB","train",2.15554857715353,0.252853030979893,0.705863712283919,3.23182625864728,0.592176757395867,0.0334237554869497,0.230448921378274
"34","DB","train",1.8441664104502,0.220108088040055,0.909020854211156,3.2738111993994,0.79309160017658,0.127104798364808,0.0606978403536116
"35","DB","train",1.97922959302216,0.4983105537896,0.813580988568192,3.56314989859965,0.858537197569639,0.0606978403536116,0.469822015978163
"36","DB","test",2.32372636715535,0.301029995663981,0.9237619608287,3.6122973863954,0.829303772831025,0.0492180226701817,0.155336037465062
"37","DB","train",2.03670872156989,0.281033367247728,1.12872228433843,3.41910283565249,0.831229693867063,0.0644579892269184,0.24551266781415
"38","DB","test",2.32935719413155,0.247973266361807,0.741939077729199,3.4256173545025,0.592176757395867,0.0492180226701817,0.155336037465062
"39","DB","test",1.6607706435277,0.238046103128795,0.865103974641128,3.29308619804803,0.739572344450092,0.0569048513364726,0.139879086401236
"40","DB","train",1.96066100727098,0.209515014542631,0.739572344450092,3.39712798791611,0.760422483423212,0.0863598306747482,0.117271295655764
"41","DB","train",2.2806466502962,0.269512944217916,0.33645973384853,3.45498807737852,0.574031267727719,0.0530784434834197,0.0969100130080564
"42","DB","train",2.26023839221013,0.292256071356476,0.770852011642144,3.36771923435589,0.981365509078544,0.220108088040055,0.15836249209525
"43","DB","train",1.86480762902615,0.201397124320451,0.79448804665917,3.48690914330941,0.920645001406788,0.0863598306747482,0.684845361644412
"44","DB","train",1.72468538823736,0.20682587603185,0.496929648073215,3.41470600756108,0.86391737695786,0.0530784434834197,0.187520720836463
"45","DB","test",1.92360664301746,0.204119982655925,1.02816441942447,3.46720543822315,0.865696059916071,0.113943352306837,0.212187604403958
"46","DB","test",1.70960912107265,0.198657086954423,0.902546779313991,3.52119171314493,0.802089257881733,0.0791812460476248,0.235528446907549
"47","DB","train",1.89828627858912,0.164352855784437,0.380211241711606,3.38621171899015,0.720985744153739,0.0128372247051722,0.0718820073061254
"48","DB","train",1.91954875896885,0.380211241711606,0.964730921053629,3.46908382443647,0.754348335711019,0.127104798364808,0.212187604403958
"49","DB","train",2.0379043573124,0.225309281725863,0.745074791582057,3.40751497088549,0.810232517995084,0.0791812460476248,0.164352855784437
"50","DB","train",1.92577605383675,0.298853076409707,0.883661435153618,3.42691608882826,0.763427993562937,0.0791812460476248,0.24551266781415
"51","FBE","train",2.59917321735291,1.03181227133037,1.36342393291718,3.20530994640463,0.737987326333431,0.14921911265538,0.587710965018911
"52","FBE","train",3.39350500858996,2.50508211450511,1.75807882224961,2.98159211721408,1.15075643986031,0.530199698203082,1.22141423784234
"53","FBE","test",4.2795880157156,1.94215692846749,2.02156139203735,3.76657419025953,1.4920616045126,0.832508912706236,1.23704079137919
"54","FBE","train",2.89718707658015,1.95279244304409,1.8481891169914,2.36954980166489,1.2143138974244,0.44870631990508,1.34772021703404
"55","FBE","train",2.77307666386157,2.29484083643889,2.07689519386605,2.71560227128193,1.29863478312444,0.589949601325708,1.32283927268632
"56","FBE","train",2.57552267698974,1.55678478230703,1.77786162417624,2.66686415496123,1.13798673272353,0.359835482339888,1.08671566394488
"57","FBE","train",2.82595162709814,1.05804623039528,1.3163897510732,3.10905856713247,0.73559889969818,0.167317334748176,0.600972895686748
"58","FBE","train",4.1049723485874,3.05120270468815,3.03323069281122,3.61977242850887,1.49276038902684,1.12450422483428,1.75534118381155
"59","FBE","train",2.36087729710204,0.582063362911709,2.32252939434146,3.21388681685537,0.600972895686748,0.100370545117563,0.603144372620182
"60","FBE","test",2.9660619091205,1.62859325585126,1.71516735784846,3.03635737645247,1.21058602490516,0.296665190261531,1.19340290306242
"61","FBE","train",3.27721255329211,1.80760266991649,1.44575983648863,3.15593391952845,1.17347764345299,0.340444114840118,0.722633922533812
"62","FBE","train",2.37090150486777,1.73455982157948,1.31281182621209,2.20297846073707,1.3859635706007,0.232996110392154,1.32551566336315
"63","FBE","train",3.14740113238188,1.50866436305294,1.62159167585922,3.0703297622289,1.15136985024746,0.232996110392154,1.07481644064517
"64","FBE","train",2.57415864209508,0.984527313343793,1.21722065564452,3.1221798221399,0.740362689494244,0.110589710299249,0.684845361644412
"65","FBE","train",2.83663421531429,0.912222056532416,1.02077548819356,2.85788104981916,0.653212513775344,0.127104798364808,0.709269960975831
"66","FBE","train",3.00928938641336,1.86326336365048,1.43392976560846,3.23872588184907,1.14736710779379,0.287801729930226,1.04218159451577
"67","FBE","train",3.13368258498154,1.25430633233129,1.91545260168848,3.09841873415025,1.20357677497797,0.269512944217916,0.973127853599699
"68","FBE","test",2.87430783312804,1.33000770087276,1.52296559549199,3.25515667779714,1.37803432245733,0.387389826338729,0.722633922533812
"69","FBE","test",2.96080837802664,1.44855173920158,1.57356777303922,3.00848519623986,1.31026836663245,0.311753861055754,1.45606222445495
"70","FBE","train",2.65473469923615,0.854913022307856,1.18012587516405,3.31917479112684,0.933487287848705,0.0755469613925307,1.01535975540921
"71","FBE","train",3.39250349968175,1.55424680816611,1.84751096520325,3.49950288071025,1.24452451157008,0.27415784926368,1.2148438480477
"72","FBE","train",1.91561086266147,0.556302500767287,1.59195455504674,3.1166542256196,0.551449997972875,0.0413926851582251,0.252853030979893
"73","GB","train",1.69905685454767,0.227886704613674,0.716003343634799,3.448853120628,0.860338006570994,0.0374264979406237,0.161368002234975
"74","GB","train",1.60959440922522,0.374748346010104,0.600972895686748,3.39311346517642,0.75966784468963,0.0211892990699381,0.303196057420489
"75","GB","train",1.29003461136252,0.235528446907549,0.357934847000454,3.4963261959167,0.969415912353981,0.0128372247051722,0.0934216851622351
"76","GB","train",1.18610837981321,0.161368002234975,0.709269960975831,3.4185647717703,0.863322860120456,0.0128372247051722,0.133538908370217
"77","GB","train",1.08919836680515,0.170261715394957,0.367355921026019,3.35606794536775,0.639486489268586,0.00860017176191757,0.100370545117563
"78","GB","train",1.34888872307144,0.356025857193123,0.942504106168081,3.48238329707173,0.824776462475546,0.0453229787866575,0.371067862271736
"79","GB","train",1.81023251799508,0.227886704613674,0.537819095073274,3.40111608816481,0.621176281775035,0.0253058652647703,0.110589710299249
"80","GB","train",2.19434780728009,0.290034611362518,0.870403905279027,3.63205115341839,0.988558956878616,0.0863598306747482,0.318063334962762
"81","GB","train",2.3373993544719,0.181843587944773,0.612783856719735,3.66081332160467,1.04883008652835,0.0791812460476248,1.04688519083771
"82","GB","test",1.97127584873811,0.220108088040055,0.605305046141109,3.53476961126528,1.01241537476243,0.0569048513364726,0.518513939877887
"83","GB","train",2.22554187718723,0.2405492482826,0.912753303671323,3.51720381814186,0.963315511386111,0.0453229787866575,0.660865478003869
"84","GB","train",2.1133750570949,0.181843587944773,0.460897842756548,3.52551126096761,0.989004615698537,0.0253058652647703,0.195899652409234
"85","GB","test",2.19013552087703,0.225309281725863,0.644438589467838,3.42662022795656,0.761927838420529,0.0334237554869497,0.133538908370217
"86","GB","train",2.18946223945766,0.255272505103306,0.777426822389311,3.41711115390502,0.808885867359812,0.0293837776852097,0.262451089730429
"87","GB","train",1.91270020819086,0.481442628502305,0.595496221825574,3.1683088750919,0.624282095835668,0.0293837776852097,0.507855871695831
"88","GB","train",2.47784447633876,0.350248018334163,0.899273187317604,3.41038239410746,0.669316880566112,0.107209969647868,0.79448804665917
"89","GB","train",2.01245757820077,0.250420002308894,0.531478917042255,3.32453760552514,0.984077033902831,0.0374264979406237,0.173186268412274
"90","GB","test",1.96750117472284,0.178976947293169,0.614897216033135,3.44314559470709,0.948412965778601,0.0128372247051722,0.326335860928751
"91","GB","train",2.24976074088798,0.340444114840118,0.685741738602264,3.42337204683373,0.864511081058392,0.0374264979406237,0.24551266781415
"92","GB","test",2.10012920335981,0.456366033129043,0.69810054562339,3.41259661065148,0.788875115775417,0.0606978403536116,0.315970345456918
"93","GB","train",2.37601091064625,0.509202522331103,1.01199311465926,3.66194134632384,1.18780263871842,0.103803720955957,0.198657086954423
"94","GB","train",2.3786522249085,0.309630167425899,0.86391737695786,3.45577492981039,0.879669205632054,0.0334237554869497,0.222716471147583
"95","GB","test",2.34701760132495,0.28330122870355,1.03261876085072,3.43552107200264,0.937517892017347,0.0530784434834197,0.342422680822206
"96","GB","train",2.4965698922133,0.344392273685111,0.975891136401793,3.55437042450164,0.949390006644913,0.0293837776852097,0.338456493604605
"97","GB","test",2.76528101804354,0.710963118995276,1.2405492482826,3.48619094864365,1.24278980947868,0.0863598306747482,0.706717782336759
"98","GB","train",2.37377605137032,0.413299764081252,1.32654066851656,3.44167314548998,0.711807229041191,0.0606978403536116,0.255272505103306
"99","GB","test",2.21934871731358,0.190331698170291,0.8109042806687,3.29766642200236,0.737192642704737,0.0453229787866575,0.190331698170291
"100","GB","train",2.46722321083405,0.222716471147583,0.41161970596323,3.32252526113614,0.879095879500073,0.0374264979406237,0.298853076409707
"101","GB","train",2.26035764163615,0.380211241711606,0.478566495593843,3.21672524060228,0.545307116465824,0.0293837776852097,0.330413773349191
"102","MB","train",2.21982020714724,0.905795880367869,1.41027096425218,3.24993175663419,0.776701183988411,0.582063362911709,0.700703717145019
"103","MB","train",2.38637409908548,0.757396028793024,1.57333584006607,3.25151898598888,0.747411807886423,0.130333768495006,0.561101383649056
"104","MB","test",2.07397481986666,0.40823996531185,0.99211148778695,3.18262005196738,0.474216264076255,0.0569048513364726,0.397940008672038
"105","MB","test",2.21929629794334,0.371067862271736,1.10243370568134,3.19122178958354,0.699837725867246,0.0899051114393979,0.696356388733332
"106","MB","train",2.1497424147134,0.416640507338281,0.968482948553935,3.1648760735577,0.552668216112193,0.0681858617461616,0.285557309007774
"107","MB","train",2.05227059665675,0.27415784926368,0.942008053022313,3.09181814312137,0.52244423350632,0.0293837776852097,0.318063334962762
"108","MB","train",1.97229542861114,0.416640507338281,0.717670503002262,3.17840134153376,0.421603926869831,0.0453229787866575,0.170261715394957
"109","MB","test",2.43436128720031,0.958563883221967,1.39585037601878,3.15060295179301,0.620136054973757,0.0827853703164501,0.426511261364575
"110","MB","train",2.68323621246986,0.847572659142112,1.45606222445495,3.27947301929332,0.621176281775035,0.227886704613674,0.278753600952829
"111","MB","train",2.21258707812389,0.481442628502305,0.404833716619938,3.22026503358723,0.54282542695918,0.0413926851582251,0.278753600952829
"112","MB","train",2.05618042334214,0.528916700277655,1.11461098423217,3.1936031720795,0.481442628502305,0.0253058652647703,0.130333768495006
"113","MB","train",2.07191881036381,0.318063334962762,1.04921802267018,3.20049482173865,0.450249108319361,0.0374264979406237,0.20682587603185
"114","MBR","train",2.27016622926069,0.161368002234975,0.725911632295048,3.36856764409584,0.519827993775719,0.0374264979406237,0.193124598354462
"115","MBR","train",2.64991871873542,0.426511261364575,0.958563883221967,3.35085250761944,0.66838591669,0.0791812460476248,0.509202522331103
"116","MBR","train",2.98479725708929,0.426511261364575,1.36884450682582,3.29708612025029,0.799340549453582,0.193124598354462,0.387389826338729
"117","MBR","train",2.45842631498721,0.230448921378274,0.704150516839799,3.29486726731174,0.608526033577194,0.0899051114393979,0.303196057420489
"118","MBR","train",2.23243700922055,0.352182518111362,0.720159303405957,3.29416409904419,0.826722520168992,0.0569048513364726,0.419955748489758
"119","MBR","train",2.62156053508108,0.369215857410143,1.04999285692014,3.34557563545453,0.643452676486187,0.139879086401236,0.227886704613674
"120","MBR","train",2.61471797987283,0.303196057420489,1.29292029960001,3.34702541441437,0.807535028068853,0.0827853703164501,0.230448921378274
"121","MBR","test",2.40619942366331,0.243038048686294,0.838219221907626,3.31069968336482,0.704150516839799,0.0644579892269184,0.212187604403958
"122","MBR","train",2.30129049421137,0.397940008672038,1.15503222879097,3.30213820293256,0.72916478969277,0.100370545117563,0.530199698203082
"123","MBR","train",2.45155618307643,0.252853030979893,0.888179493918325,3.34340071537445,0.624282095835668,0.0681858617461616,0.66838591669
"124","MBR","test",2.27466576908139,0.217483944213906,0.866877814337499,3.32924935983668,0.653212513775344,0.0644579892269184,0.271841606536499
"125","MBR","train",2.67764344652178,0.326335860928751,1.01870049866624,3.37149086231732,0.812244696800369,0.139879086401236,0.201397124320451
"126","MBR","train",2.60469034866023,0.285557309007774,0.867467487859051,3.4112980743134,0.60422605308447,0.139879086401236,0.152288344383056
"127","MBR","train",2.30524385750601,0.290034611362518,0.970811610872518,3.29180159706806,0.636487896353365,0.0827853703164501,0.340444114840118
"128","MBR","train",2.50510926130359,0.27415784926368,1.13289976994448,3.39647483611906,0.619093330626743,0.0606978403536116,0.372912002970107
"129","MBR","train",2.55292360834649,0.247973266361807,0.848189116991399,3.30922761985873,0.696356388733332,0.127104798364808,0.456366033129043
"130","MBR","test",2.38614210893082,0.238046103128795,1.32510498297141,3.36835383734854,0.598790506763115,0.0569048513364726,0.252853030979893
"131","MBR","train",2.69237096075288,0.372912002970107,1.47363292687384,3.31712064522825,0.825426117767823,0.107209969647868,0.471291711058939
"132","MBR","test",2.71909915920564,0.287801729930226,0.889861721258188,3.20640756504427,0.724275869600789,0.0934216851622351,0.12057393120585
"133","MBR","train",2.80570470443386,0.442479769064449,1.17782497186468,3.2262414966269,0.899273187317604,0.130333768495006,0.195899652409234
"134","MBR","train",2.61406366749503,0.315970345456918,0.802089257881733,3.21949807781649,0.69196510276736,0.161368002234975,0.340444114840118
"135","MBR","train",2.49532227721595,0.287801729930226,0.971739590887778,3.22245113240023,0.717670503002262,0.107209969647868,0.503790683057181
"136","MBR","train",2.44759210882154,0.311753861055754,0.995196291597179,3.18075935665555,0.822821645303105,0.0899051114393979,0.328379603438738
"137","MBR","train",2.70051334716843,0.359835482339888,1.0484418035504,3.24052678419394,0.568201724066995,0.0863598306747482,0.292256071356476
"138","PHB","train",1.38435341413751,0.342422680822206,1.580468783951,3.14828175057887,0.629409599102719,0.0827853703164501,0.472756449317212
"139","PHB","train",1.67430988894148,0.434568904034199,1.47885496752866,3.43473173393621,0.677606952720493,0.0827853703164501,0.190331698170291
"140","PHB","train",1.73727217653554,0.230448921378274,0.970346876230093,3.37802522909409,0.57978359661681,0.0791812460476248,0.130333768495006
"141","PHB","train",1.64236558084497,0.374748346010104,0.738780558484369,3.32070904958767,0.509202522331103,0.0492180226701817,0.376576957056512
"142","PHB","test",1.65638571905869,0.714329759745233,1.26599637049508,3.36332235368474,0.773054693364263,0.0791812460476248,0.509202522331103
"143","PHB","train",1.67329743975964,0.440909082065218,0.619093330626743,3.36097755826833,0.409933123331295,0.0453229787866575,0.510545010206612
"144","PHB","train",1.72591163229505,0.332438459915605,1.15167623084705,3.38040843901197,0.699837725867246,0.0863598306747482,0.326335860928751
"145","PHB","test",1.77298145034496,0.474216264076255,0.951337518795918,3.45982957814908,0.502427119984433,0.0492180226701817,0.757396028793024
"146","PHB","test",2.00569518111851,0.294466226161593,0.631443769013172,3.35381240309617,0.369215857410143,0.0253058652647703,0.143014800254095
"147","PHB","train",2.07258073264895,0.307496037913213,1.00302947055362,3.25151655229168,0.469822015978163,0.0791812460476248,0.0791812460476248
"148","PHB","train",1.92987852365678,0.2405492482826,0.876217840591642,3.31231067200086,0.507855871695831,0.0453229787866575,0.519827993775719
"149","PHB","train",2.09961159039253,0.318063334962762,0.697229342759718,3.45869524763352,0.541579243946581,0.0644579892269184,0.571708831808688
"150","PHB","train",2.2197678446584,0.340444114840118,0.800717078282385,3.39203709826025,0.481442628502305,0.0492180226701817,0.65991620006985
"151","PHB","train",2.00290006861139,0.155336037465062,0.615950051656401,3.30193022305069,0.465382851448418,0.0253058652647703,0.0681858617461616
"152","PHB","train",2.06175396780593,0.426511261364575,0.685741738602264,3.2058509919301,0.526339277389844,0.107209969647868,0.227886704613674
"153","PHB","test",1.94605906038512,0.220108088040055,0.593286067020457,3.26528491036854,0.474216264076255,0.0253058652647703,0.0969100130080564
"154","PHB","train",2.11806622171401,0.324282455297693,0.966610986681934,3.19752589966352,0.643452676486187,0.0569048513364726,0.222716471147583
"155","PHB","test",1.91481898044747,0.193124598354462,0.350248018334163,3.22960505984138,0.369215857410143,0.0211892990699381,0.15836249209525
"156","PHB","test",2.10636090880675,0.399673721481038,1.01029995663981,3.46011721483357,0.580924975675619,0.0293837776852097,0.214843848047698
"157","PHB","train",2.07180839183313,0.24551266781415,0.687528961214634,3.43934690687164,0.655138434811382,0.0681858617461616,0.309630167425899
"158","PHB","test",2.38080798645617,0.428134794028789,1.18012587516405,3.54065476091012,0.424881636631067,0.0969100130080564,0.294466226161593
"159","PHB","train",2.99403985491717,0.606381365110605,1.57691695596521,3.36475918167826,0.881384656770573,0.311753861055754,0.540329474790874
"160","PHB","train",1.63377134608256,0.164352855784437,0.845718017966659,3.42474936892374,0.478566495593843,0.0569048513364726,0.252853030979893
"161","PHB","train",2.08138331746229,0.155336037465062,1.01072386539177,3.33607930943767,0.477121254719662,0.0374264979406237,0.167317334748176
"162","PHB","train",2.05223209025233,0.146128035678238,0.681241237375587,3.37987996585418,0.530199698203082,0.0293837776852097,0.164352855784437
"163","PHB","test",2.09815898346053,0.281033367247728,0.54282542695918,3.39760634236567,0.54282542695918,0.0413926851582251,0.255272505103306
"164","PHB","train",2.05960127976275,0.363611979892144,0.643452676486187,3.34158486930641,0.481442628502305,0.0293837776852097,0.217483944213906
"165","PHB","test",2.52073237833201,0.60959440922522,1.54617236831694,3.23168617392205,0.66838591669,0.113943352306837,0.340444114840118
"166","PHB","train",2.3932241163613,0.418301291319745,1.48742121135947,3.31817606985849,0.733197265106569,0.123851640967086,0.462397997898956
"167","PHB","test",1.36248247475117,0.328379603438738,0.835690571492426,3.31830338334694,0.592176757395867,0.0530784434834197,0.220108088040055
"168","WRL","train",1.90014856071934,0.738780558484369,1.01828430842653,3.15281101816306,0.60422605308447,0.0453229787866575,0.471291711058939
"169","WRL","train",1.73399928653839,0.230448921378274,0.681241237375587,3.26738295542423,0.489958479424835,0.0211892990699381,0.0969100130080564
"170","WRL","train",1.79302165984598,0.181843587944773,0.697229342759718,3.34437458712435,0.571708831808688,0.0211892990699381,0.214843848047698
"171","WRL","train",1.75066264613406,0.187520720836463,0.617000341120899,3.31155891441892,0.697229342759718,0.0128372247051722,0.117271295655764
"172","WRL","test",1.77173442538677,0.155336037465062,0.807535028068853,3.30159854911402,0.608526033577194,0.0293837776852097,0.285557309007774
"173","WRL","test",1.86266795022859,0.170261715394957,0.348304863048161,3.30586061429064,0.528916700277655,0.0170333392987804,0.164352855784437
"174","WRL","train",1.87069645798925,0.267171728403014,0.733999286538387,3.33960446091375,0.74350976472843,0.0293837776852097,0.20682587603185
"175","WRL","train",1.93155956709081,0.220108088040055,0.760422483423212,3.39556750374704,0.558708570533166,0.0293837776852097,0.152288344383056
"176","WRL","train",2.0177426641615,0.204119982655925,0.66838591669,3.30254737248749,0.52244423350632,0.0253058652647703,0.107209969647868
"177","WRL","test",1.9681092011282,0.315970345456918,0.640481436970422,3.32707271666912,0.495544337546448,0.0453229787866575,0.27415784926368
"178","WRL","test",1.94324712513786,0.322219294733919,0.795880017344075,3.34635101816478,0.6232492903979,0.0334237554869497,0.363611979892144
"179","WRL","train",2.12303452975351,0.260071387985075,0.707570176097936,3.36892437400131,0.679427896612119,0.0334237554869497,0.103803720955957
"180","DH","test",1.76365257056453,0.378397900948138,1.73431968085901,3.32447588937623,0.687528961214634,0.0791812460476248,0.414973347970818
"181","DH","test",2.03422726077055,0.434568904034199,2.29585287064395,3.35535380724452,1.15198239545747,0.146128035678238,0.220108088040055
"182","DH","train",2.14479207849771,0.829946695941636,2.16867422956708,3.15656126537432,0.997823080745725,0.24551266781415,0.667452952889954
"183","DH","train",2.11902482011478,0.945960703577569,2.66148139784362,2.8849595381289,1.17580163284828,0.212187604403958,1.20951501454263
"184","DH","test",1.98600993185326,1.11727129565576,2.43808328876724,2.905353267974,1.15014216184856,0.136720567156407,1.04805317311561
"185","DH","test",2.31527743947181,0.968482948553935,2.48771799092619,3.17074562535682,1.08134730780413,0.123851640967086,0.523746466811564
"186","DH","train",2.32697045032492,1.0640834359636,2.76282105494615,3.43264064120788,1.51441492058037,0.309630167425899,0.978636948384474
"187","DH","train",2.42721012433079,1.29819786710982,2.64750033114274,3.13252223661195,1.20194306340165,0.238046103128795,1.088844562727
"188","DH","test",2.39989859664846,1.25695815256093,2.56190003704463,3.15077485478361,1.57460994134019,0.276461804173244,1.23929947912689
"189","DH","train",2.14687190308574,0.987219229908005,2.27590996867091,3.41723912146738,1.29885307640971,0.130333768495006,0.939519252618618
"190","DH","test",2.20363112633051,0.586587304671755,2.62799021802988,3.5347087576529,1.25406445291434,0.232996110392154,0.389166084364532
"191","DH","train",1.55846856252379,0.751279103983342,2.30198439407044,3.50485673056237,1.05804623039528,0.127104798364808,0.710963118995276
"192","DH","train",1.95060822478423,1.05499586152914,2.52469463751639,3.19789227552429,1.38738982633873,0.217483944213906,0.808210972924222
"193","DH","train",2.33777862483618,0.7481880270062,2.64801829665168,3.26241311696815,0.935003151453655,0.176091259055681,0.649334858712142
"194","DH","train",2.14257716092053,0.727541257028556,2.98824226127004,3.63563049746807,1.21932250841934,0.694605198933569,0.836324115706752
"195","DH","test",2.47082194954001,1.05728564441821,2.8718238665704,3.7484020194142,1.38685552918472,0.227886704613674,0.996073654485275
"196","DH","train",1.68833081811227,0.802773725291976,2.95084659554125,3.64068611336232,1.03582982525283,0.269512944217916,0.987666264926275
"197","DH","train",1.98299445465866,1.04883008652835,2.61241295919541,3.48076988291953,1.22788670461367,0.238046103128795,0.922206277439016
"198","DH","train",2.32168126366832,1.07736790528416,2.8109042806687,3.46141748293273,1.54481191175778,0.340444114840118,0.909556029241175
"199","DH","train",1.99308336069806,1.17955179116519,2.53122337453303,3.46744234658851,1.18269990333604,0.2405492482826,0.745855195173729
"200","BH","test",2.20436420462101,1.27300127206374,2.35401234566722,2.9005473644328,1.24353410183206,0.255272505103306,1.78490244988665
"201","BH","train",2.03933478873809,0.41161970596323,1.53744128340795,3.44287938693239,0.898725181589494,0.0530784434834197,0.133538908370217
"202","BH","train",2.40483371661994,1.33061666729444,2.52047043165384,2.98652541497835,1.41262852054438,0.397940008672038,1.22193559982801
"203","BH","test",2.96242142893931,0.954242509439325,2.31720642889982,3.70286977890153,1.12057393120585,0.340444114840118,1.36285930295868
"204","BH","test",2.44813409626478,1.13545069934551,2.07059193151204,3.24004477444889,1.16820274684263,0.243038048686294,1.00774777800074
"205","BH","test",2.09373678456234,1.28397928423848,1.71491624799358,3.14502850034632,1.06520612805431,0.173186268412274,1.10414555055401
"206","BH","train",2.64479297094968,1.29885307640971,2.36927153262103,3.21517209296925,1.2291697025391,0.403120521175818,1.39040515648008
"207","BH","test",2.51253765031886,1.21879799811174,2.13557785334493,3.33346339649846,1.16524432612531,0.212187604403958,1.20411998265592
"208","BH","test",2.4166072267925,1.12678057701201,2.38261131289349,3.38426020020144,1.10002573010786,0.255272505103306,1.01072386539177
"209","BH","train",2.44282455918764,1.2148438480477,2.07088714401854,3.10831804154527,1.04020662757471,0.152288344383056,0.924795995797912
"210","BH","test",2.34617687342157,1.31618009889345,2.26016682683436,3.04865540214633,1.29688447553855,0.322219294733919,1.18412335423967
"211","BH","train",2.18814069878886,1.07445071895459,2.16148779108745,3.33682382816997,1.01994668167884,0.20682587603185,0.91487181754005
"212","BH","train",2.27035270177618,0.716837723299524,1.96656408409731,3.30803482774552,0.781755374652469,0.100370545117563,0.477121254719662
"213","BH","train",2.40227858189556,0.945960703577569,1.8710472613055,3.27292251285664,0.865103974641128,0.100370545117563,0.996073654485275
"214","BH","train",2.09022277168657,0.999565488225982,1.80140371001735,3.16164047397074,0.94299959336604,0.139879086401236,0.943494515906103
"215","BH","test",2.22300243921041,1.12024479554637,2.23656245185336,3.30906564363516,1.13672056715641,0.214843848047698,0.898725181589494
"216","BH","test",3.01771347952561,1.33122478102073,2.19667350048806,3.60602647465534,1.610127613076,0.409933123331295,1.09377178149873
"217","BH","train",2.66539335027971,1.02489596010748,2.14866433998224,3.42183910602559,0.996949248495381,0.198657086954423,1.00432137378264
"218","BH","train",2.50238614687417,0.429752280002408,1.93831954334216,3.42769866012782,0.535294120042771,0.100370545117563,0.161368002234975
"219","BH","train",2.073241647612,1.00817418400643,1.62654565902713,3.09583859086983,0.90036712865647,0.130333768495006,0.699837725867246
"220","SATPB","train",2.14466759423118,1.26693691115917,2.93978374226548,2.59794735444638,1.80071707828239,0.462397997898956,1.17983892802319
"221","SATPB","train",1.7718813201901,1.13861843389949,1.81144094367416,2.97135471984717,1.18440748541232,0.212187604403958,0.979548374704095
"222","SATPB","train",1.74028371968188,1.1476763242411,1.46731206298055,3.01950677208738,1.1296898921993,0.176091259055681,0.956648579205203
"223","SATPB","train",1.74130920889957,1.2417954312952,1.66707920546422,2.98738021552887,1.21218760440396,0.198657086954423,1.4320066872696
"224","SATPB","train",2.3964783222021,1.25261034056737,2.19345854260921,3.17727382384468,1.56466606425209,0.290034611362518,1.40823996531185
"225","SATPB","train",1.71591981743358,1.12417805547468,1.69556922703619,3.07029651819777,1.03782475058834,0.130333768495006,0.7481880270062
"226","SATPB","train",1.79574102086924,1.20790353038605,2.01632285401379,3.01481444908705,1.3059958827708,0.27415784926368,0.954242509439325
"227","SATPB","train",1.73503970503372,1.06929801211553,2.09317644969625,2.88832554512105,1.25358028956218,0.232996110392154,0.862131379313037
"228","SATPB","test",2.03398636523961,1.21774707326279,2.15014216184856,3.08908518085666,1.53643217582201,0.313867220369153,0.992995098431341
"229","SATPB","train",1.92225822343297,1.13640344813399,1.80733203929119,2.92440335247664,0.999130541287371,0.14921911265538,0.718501688867274
"230","SATPB","train",1.97132224524281,1.2464985807958,2.17877557204541,3.02129682534371,1.53262700122889,0.2405492482826,0.996073654485275
"231","SATPB","train",1.86893817833291,0.770852011642144,1.65485009056139,3.10189479140662,0.606381365110605,0.0934216851622351,0.330413773349191
"232","SATPB","train",1.67960957177976,0.225309281725863,0.82865989653532,3.26626933705063,0.298853076409707,0.0293837776852097,0.307496037913213
"233","SATPB","train",1.9293167267535,1.03582982525283,2.19501356287583,3.23684196682392,0.9804578922761,0.214843848047698,0.773054693364263
"234","SATPB","train",1.86981820797933,1.03502928220237,2.0139321207112,3.25680671192442,1.02077548819356,0.296665190261531,0.677606952720493
"235","SATPB","train",1.97197127639976,0.649334858712142,1.76656155263753,3.04115573262971,0.57978359661681,0.0791812460476248,0.376576957056512
"236","SATPB","train",2.07736790528416,1.13703745478951,1.95269559958692,3.15757764052073,1.18554215485438,0.167317334748176,0.761175813155731
"237","SATPB","train",2.1542413301673,0.79657433321043,1.98013977774575,3.26318615741371,0.745855195173729,0.123851640967086,0.434568904034199
"238","SATPB","test",2.15745676813423,0.829946695941636,2.27531135454181,3.24990977266757,0.894869656745253,0.267171728403014,0.733999286538387
"239","SATPB","train",2.14844840352338,1.11159852488039,2.48271640914123,2.92689268451727,1.38219721037745,0.328379603438738,0.918554530550273
"240","CHR","train",1.37882653244409,0.924067257243995,0.233706654286382,2.42884124407416,0.251151343175355,0.0911391538257549,0.623766000133931
"241","CHR","train",2.64394591274807,0.589122650205851,1.67694862560214,3.43691215216603,0.722123655881506,0.222456336679247,0.85769425778655
"242","CHR","train",2.92745967683313,1.31675011624582,1.80410534194859,4.58190059363058,1.92151376357933,0.255417245808496,0.9467518445071
"243","CHR","test",3.48246288118656,1.1926399226206,2.31962523588228,4.2666317925751,1.97336064696161,0.675044735955893,1.4312286292981
"244","CHR","train",2.8665095110281,1.3656620421913,1.37946324952097,3.38632009213737,1.24472973893758,0.213384924916388,0.454250155300345
"245","CHR","train",2.97375283394402,1.0969690730416,1.80410534194859,2.92158462538651,0.664397498607467,0.135895575564019,0.82648945315066
"246","CHR","test",3.04098425635361,1.7043890557965,1.9224321972552,4.25714837129628,0.984153614351769,0.0784568180532926,1.56831321779687
"247","CHR","train",1.91412145695129,0.568541983711714,1.80410534194859,3.06368335607879,0.767615900258868,0.104145550554008,1.05140723383539
"248","CHR","train",3.05321950862785,2.02743686569292,2.46838839441153,3.68671489089317,1.47315254407113,0.811078768896435,1.30753668426307
"249","CHR","test",2.7391988805203,0.96138786808103,1.45149169050928,3.48728035383089,0.587037117743456,0.182100659893949,0.510209777089308
"250","CHR","train",3.07815713123804,0.749094445708585,1.80410534194859,3.68524938158231,1.01816353861619,0.381078963242833,0.9467518445071
"251","CHR","train",2.6388205920658,1.40519092222564,1.57705153763875,3.28809869475692,0.858988100342695,0.0417084208914361,0.972128751978014
"252","CHR","train",3.02608190308705,1.29672221508589,1.53043663792055,3.9361018370418,1.29591439664784,0.250395603057116,0.184719815150271
"253","CHR","test",1.83909323407002,0.973677304215957,1.80410534194859,3.7018302870413,1.0893539493344,0.152043602487651,1.01916615872056
"254","CHR","test",2.82469206591677,0.210131168184136,1.80410534194859,3.60771792233888,0.80177404026265,0.0122465199850713,0.45296648018723
"255","CHR","train",2.37108911446043,1.02576859297215,1.91415903224771,3.7721388537331,1.36752923144842,0.0914910942679511,0.695805525388794
"256","CHR","test",2.69165047841574,0.467830005178976,1.63179370181914,3.33292726092402,1.32122341260542,0.495058433016687,0.991660153171813
"257","CHR","train",2.43606432309458,0.710455864335425,2.00517235867708,3.27102173516468,0.80885889170951,0.0560659294317527,0.574309127290558
"258","CHR","train",2.88235665040661,1.06229988322318,0.974018629180007,3.54646986369948,1.39984325356349,0.306210508167762,0.354396592081937
"259","CHR","train",2.16634751010502,0.751648559115707,1.41257813543127,3.15743011124565,0.409882424518244,0.253725595250898,0.419476604427339
"260","CHR","train",3.01509599653887,0.782121319913352,1.80410534194859,3.90561585632198,0.806939325088625,0.130783914588956,0.89614025144202
"261","CHR","train",2.8427172382139,1.18372241318835,1.10433685767266,3.56408361274243,0.255851178715774,0.0656917280932709,0.655541795408254
"262","CHR","test",2.59079938370806,0.64950036542682,1.80410534194859,3.64565073460861,0.799064719351008,0.307367656038532,0.36839846657925
"263","CHR","test",2.58755113319734,0.475961589192424,1.73311617853047,3.34599981991485,1.00255049065529,0.0948203803547999,0.917190308511564
"264","CHR","test",2.51982471359353,0.975473167919027,1.50350877666777,3.37371716683939,1.17048467423897,0.14170055699739,0.964009638525234
"265","CHR","train",2.41655896547065,0.954203903769545,1.42638925139555,3.20498960042888,2.49932685366025,0.552874973784226,1.0524399842879
"266","CHR","train",2.75484237042248,0.682343668769923,1.7856216398047,3.60332205043802,0.989574392477443,0.20828007854531,0.937547980661995
"267","CHR","train",3.02790209472803,1.18313882361867,1.97304468286316,3.20759198593395,1.16096347075104,0.595914882664011,0.600700696065238
"268","CHR","train",2.45520570781994,0.889615401970298,1.05427590507802,3.38588784818542,0.993462684178131,0.0533089811240999,0.578856875601459
"269","CHR","train",2.33271874189054,0.641444363287957,1.90687568735357,2.95847916603598,0.727142564161833,0.106836587366795,0.551547581274466
"270","FBE","train",1.95391811510388,1.43469981131577,1.159467931767,4.18803259044596,1.47985592027586,0.123982236211463,0.574112328465574
"271","FBE","train",2.44036997066822,0.246818521210052,0.922632051286393,3.74236659223105,1.55866297921669,0.19133921256393,1.27240327133772
"272","FBE","train",3.64267312934,0.784189205380961,1.68921470737453,4.37020029235546,1.47985592027586,1.25126093816078,0.33627957435033
"273","FBE","train",2.77264818516607,0.893595333819883,1.68921470737453,3.59839038870153,1.50750370764802,0.320582439473552,1.30253006095235
"274","FBE","train",2.06162623751385,0.78722661518843,1.68921470737453,3.04543275142735,1.14101369220408,0.443810401121398,1.30253006095235
"275","FBE","train",3.37355604764009,0.784167789937681,1.68921470737453,4.44811938636577,2.01327719927911,0.539163952951567,2.07348776489915
"276","FBE","train",2.89339209393819,0.762536025742271,1.68921470737453,4.24492211209416,1.46973662087142,0.0626947733423935,1.69616148047707
"277","FBE","train",2.83304385106709,0.704407927386841,1.68921470737453,2.96417969568074,2.19056027303924,0.184606266687136,1.30253006095235
"278","FBE","test",2.82228311292617,0.81179611805981,1.84730916481612,3.37372736108353,0.836931449890665,0.127266818318898,0.768734271659542
"279","FBE","train",2.51231410105598,0.2386231053847,1.68921470737453,3.63165315399979,0.941670412953522,0.0234170898411049,0.954927189627215
"280","FBE","train",2.59304991059484,0.335858911319818,1.68921470737453,4.23110932069215,1.84717766640738,0.0786742733604661,1.30253006095235
"281","FBE","train",2.97698957623139,0.949872829772913,1.57910076060192,3.62942647101366,1.47985592027586,0.505502699312945,1.30253006095235
"282","FBE","train",2.22777413323067,0.638638987858345,1.68921470737453,3.80534228114074,0.871222556759707,0.0528862352563818,1.34426058978502
"283","FBE","test",2.73041951252658,0.830293479079567,0.768726874691572,3.92197263586158,0.59802407233419,0.203005674728483,0.150510832907967
"284","FBE","test",2.75327319760563,0.290457564068038,1.68921470737453,4.03488419399735,1.35180403448809,0.461783560909769,0.290056882303366
"285","FBE","train",3.24782273392895,0.78722661518843,1.80838992211328,3.99557026052499,1.67415817194974,0.740544265587048,1.23432489603082
"286","FBE","train",2.557065223804,0.164650215934297,1.68921470737453,2.67287371998344,1.47985592027586,0.102021856924153,1.30253006095235
"287","FBE","train",2.45513596830045,0.631595948357801,1.68921470737453,3.31678058691226,0.887043112159521,0.187012807018954,1.30253006095235
"288","FBE","train",2.7133072102913,1.35764522079305,1.68921470737453,3.87293970333469,1.26325248940252,0.620978830313619,1.1177451142744
"289","FBE","train",2.73154847626033,0.806797047853278,2.10602694310859,3.81349114502855,0.939708903046394,0.278433476537416,1.30253006095235
"290","FBE","train",2.26728932412141,0.159747610524273,1.98221830017392,3.27527746212213,1.29346200007659,0.437813958847346,1.34465944962827
"291","FBE","train",2.75661709318501,0.487802747851106,1.68921470737453,3.80731695343778,0.831095157040668,0.366273496850445,1.3528864694424
"292","FBE","train",2.46669816798512,0.370290981948728,1.71887188541952,3.63114528180067,0.352028074837365,0.00923837096846643,1.30253006095235
"293","FBE","train",2.28944178471601,0.643521763294731,1.58168574913956,3.68777354191726,1.47985592027586,0.38701588736157,0.647246008818987
"294","FBE","train",2.50235418516447,0.78722661518843,1.68921470737453,3.1507986088814,1.04154268825293,0.641374945192125,1.30253006095235
"295","FBE","train",2.84855290951707,0.448072189065087,1.68921470737453,2.9789799602747,1.47985592027586,0.402433346219312,1.30253006095235
"296","TFP","train",2.08827504070363,0.193792230279798,0.995608872922224,1.70180449457716,1.21071704226876,0.0361496297458532,0.352143912441583
"297","TFP","train",2.7794930995509,1.62049105233473,2.22815388055683,3.05407138069644,1.11472104492325,0.757631334422938,0.830922119858525
"298","TFP","train",3.16341704427242,0.822455769559558,1.80363189083339,3.58117949339752,0.93804915141774,0.148664339982236,0.830922119858525
"299","TFP","train",2.93781657987347,0.21045229296202,2.62709351774626,4.16937306490204,1.11472104492325,0.593717930919536,0.703093535575181
"300","TFP","train",2.79245878981655,0.566130961885918,1.66931874049567,3.64302110900457,1.43332331289058,0.140822180109311,0.830922119858525
"301","TFP","train",2.82183346525678,0.703798475504218,2.80977048147155,4.20975370367044,1.22412110328249,0.341038631677523,1.16596507808677
"302","TFP","train",2.58067355925936,0.905990055603331,1.7759110373718,3.95762604702735,0.458002937560278,0.0443437348951071,0.830922119858525
"303","TFP","train",2.44103478897593,0.926656219072206,2.52786296553888,3.75601734945642,1.0611583259374,0.0627323632053939,0.66444452409471
"304","TFP","train",3.22443930495958,0.762325884457418,2.26824908458782,4.1471818218811,1.49909433360521,0.200357945541635,1.20773128528661
"305","TFP","test",2.70651039774278,0.263446689109732,2.33226490944824,3.7866977210095,0.482859297371087,0.0092808842553589,1.09796840083521
"306","TFP","test",2.60359998030487,0.192706806612859,1.26698623331302,3.30109239929744,1.11472104492325,0.0192824957617318,0.185683780318504
"307","TFP","train",2.38615924474987,0.122478014681511,2.22815388055683,3.32977818324426,0.582574665258311,0.0567905482743828,0.830922119858525
"308","TFP","train",1.92296925861298,0.259737186751266,1.19362541849288,3.47254594827104,0.465576158703925,0.0520395070014719,0.283052342854391
"309","TFP","train",2.73954220384181,0.639257328519408,1.11053920800465,3.79698418035357,0.823832732759075,0.0921941206973161,0.503640900513222
"310","FBW","train",3.23133329131041,0.124145425061654,1.31280125930782,3.71941848522426,0.531657707374614,0.035389709198677,0.890068745307026
"311","FBW","train",3.75937128271487,0.55296008069435,2.16122810693128,4.00292002490537,1.33869748009073,0.127007557371327,0.890068745307026
"312","FBW","train",2.77669965887133,0.441946372603051,1.12392673803094,3.33694081368386,0.550301748737082,0.190191580575302,0.613799552716281
"313","FBW","train",2.84376071370087,0.73642040773697,1.417878394293,3.4400176595877,0.937352367199381,0.0239106063509205,0.849075281859794
"314","FBW","train",2.37782403519731,0.430123451200289,0.869090844620728,3.38154271788188,0.496182129257268,0.127007557371327,0.583198773968623
"315","FBW","train",2.31801802399214,0.262189959913006,0.758427391461484,3.10621541703492,0.565422757431699,0.332660600270635,0.352587670586048
"316","FBW","train",2.81436740984313,0.561816664318957,0.633327034352867,3.5609945030348,1.10596978271246,0.2275782202996,0.150940553965477
"317","FBW","train",2.87796253993282,0.750068477884762,1.43762532847344,3.29102114249181,1.19928059389295,0.117735179330497,0.890068745307026
"318","FBW","test",2.50604993483453,0.0967362604624688,1.76492970049201,3.5982058505808,1.68560292127523,0.149865453026262,0.28476901334902
"319","FBW","test",2.63129914922718,0.812599214737098,1.52481398625282,3.26963396942821,0.890605429037069,0.249687427805302,1.35670641986731
"320","FBW","train",2.97090421952165,1.52365153578675,0.000347296685363502,3.85659471554935,1.19928059389295,0.218509247198931,1.73534016195588
"321","FBW","test",3.2006436393337,0.797980389793357,1.76492970049201,3.79953501468835,1.19928059389295,0.225980884579592,0.890068745307026
"322","FBW","train",3.12463468920894,0.279004961844902,1.76492970049201,3.3670535804022,1.19928059389295,0.270142914565646,0.377196935008914
"323","FBW","train",2.28650429789126,0.106224904896799,1.76492970049201,3.09414498836743,0.662115356152807,0.040167036482847,0.502986698753511
"324","FBW","test",2.73527369577757,0.589491620245495,1.6340316630679,3.69221307413474,0.497993334057702,0.0370677580425578,0.890068745307026
"325","FBW","test",3.20544188838924,1.33399106156951,2.1541067340454,4.23430173543783,1.44760760356731,0.63626718257371,0.890068745307026
"326","FBW","test",2.05731609344591,0.239074138235894,2.41475681490404,3.14038333045165,0.143639235274543,0.334011188761349,0.155123393710712
"327","FBW","train",2.58760916882732,0.57275546515422,1.48971385636964,3.55258850298632,0.404200621701355,0.0386996230206231,0.890068745307026
"328","FBW","train",2.78716097021077,0.429736134926033,1.30459607263395,3.33106144424065,1.19928059389295,0.332660600270635,0.890068745307026
"329","FBW","train",2.54627386059798,0.860906709581799,1.48553262346719,3.40811213499204,0.248610744968304,0.0470800728162566,1.01275710474091
"330","FBW","train",2.92493483422877,1.05277086947488,1.64309818703501,3.64608248441729,1.36077512040458,0.332660600270635,0.471159641981976
"331","FBW","train",2.72235672459837,1.31708088607319,1.18675297705077,3.68780606325278,0.828653452949211,1.08870296035147,0.890068745307026
"332","FBW","test",2.5784277407292,0.545628696992849,1.31811970606862,3.39099378585687,1.02186296679208,0.174641192660448,0.514534471280389
"333","FBW","train",2.9913273254086,0.566484631507165,1.89732132832333,3.6916263975706,0.969588291184808,0.169174619753743,0.820076606515652
"334","FBW","test",2.3727542665442,0.61637047229127,1.58020283124229,3.89417570306153,1.1630181773667,0.026410680578774,0.656356975918143
"335","FBW","train",3.19525398258993,0.529956220078762,2.13356030323313,3.69919100398767,1.25404025756171,0.172865529916986,0.223444019809615
"336","FBW","train",2.78989877277817,0.860906709581799,1.76492970049201,3.41773358596876,1.19928059389295,0.332660600270635,0.392327557983544
"337","FBW","test",3.0120025355366,0.794299788349664,1.12296582236694,3.79870722432368,1.0131533434734,0.294400084909811,0.883127464132969
"338","FBW","train",3.61840427092788,1.00924262248443,1.38879722061149,4.47338296634603,1.88618830582171,0.431460263322123,0.890068745307026
"339","FBW","train",3.44446181516099,1.11147087123886,1.76492970049201,3.79378828303559,1.61651962378445,0.683263230634538,0.890068745307026
"340","FBW","train",2.96687171958891,0.538950562014361,2.38365723246779,3.8716013272033,1.50590120055243,0.332660600270635,1.12815361606672
"341","FBW","train",2.68784168330782,1.14210777173131,1.53246772646938,3.60828788720434,0.426478728724244,0.566013007980442,0.285107029566812
"342","MB","train",2.82661720231481,1.0603275881435,1.38666302118207,3.22159681181305,1.22663341031409,0.357172257723034,1.16390345576855
"343","MB","train",3.25579377981323,1.17401035409772,1.81803972751184,3.57192248007763,1.12828292425618,0.248978095892653,0.10971350479295
"344","MB","train",2.49891043078726,0.914877100895771,1.73406178198548,3.86144957476552,1.62153250647147,0.315487527750822,1.5210072524086
"345","MB","test",2.70328673415284,0.588450991423813,2.03106655003732,3.87458147365927,0.279347492410732,1.03533366241941,0.701023696765226
"346","MB","test",3.2504368125958,1.57041333267478,1.22874673209521,3.6826860093269,1.82535080756152,1.07357539445931,1.28337812820944
"347","MB","train",3.23294330611619,1.14621178439567,2.07320899266391,3.62601774028109,1.28608803897849,0.611840095220057,0.754019431925001
"348","MB","train",3.34111338409786,1.01230984822033,1.81803972751184,4.1583178569958,1.18837718436134,0.269185932813952,1.74469422666519
"349","MB","train",3.08083265571468,0.874011899299446,0.570145822559101,4.56317584949677,0.663465343891111,0.607915881388089,0.295369148510006
"350","MB","test",3.40508097180015,0.673481697073347,1.44973288443259,3.41606970906069,1.28608803897849,0.723710098986156,1.16390345576855
"351","MB","test",2.80025670210159,0.569245123963913,1.843996638698,2.90897972548665,0.415524218373229,0.66335221936459,0.197886768401186
"352","MB","train",2.75205482767382,1.14796678709566,1.81803972751184,3.62755775391459,0.776773802412107,0.607915881388089,1.16390345576855
"353","MB","train",2.9536663494517,0.214949760615447,1.68429047427556,3.4643558106438,0.85448822504443,0.225800170570545,1.10430270186719
"354","MB","train",3.04655002322748,1.01553578506044,1.24178547600673,3.31246107899581,1.28608803897849,0.607915881388089,0.855246500339035
"355","MB","test",0.00264114900003988,0.257006217912307,1.12506140747299,3.43730389749764,1.39329435645233,0.27932466544261,0.220265033587232
"356","MB","train",2.07136864765363,0.869478141269855,0.869055618701908,3.0593643616714,1.28608803897849,0.327992031718778,0.662427264452726
"357","MB","train",3.34528011677486,0.837916560080936,1.81040458821774,3.51611585571977,1.28608803897849,0.791508192984189,1.61615400649277
"358","MB","train",2.9713536992537,1.05539744602837,2.61281203198435,4.48946374292783,0.473092641484642,0.424162659974883,0.510531605849078
"359","MB","test",2.88500000602077,1.07597374703549,0.857157537027701,3.93772179705548,1.42846686990696,0.161817040167693,1.35286141678955
"360","MB","test",3.34850348300448,1.71143517872017,2.0592460057062,3.87570970187872,1.28608803897849,0.717811916876585,1.29884216435096
"361","MB","train",2.77479431468319,0.559188189004776,1.30707009214755,3.00483255133019,1.30487166069991,0.219139001859801,0.537000087321339
"362","MBR","test",3.47949389932011,0.85698250711177,1.90499236709173,4.03931410491134,1.16595322353461,0.297869891399902,0.767741953583395
"363","MBR","test",3.0570368339445,0.499494631035897,1.17279551911896,2.91100219409982,0.80412579650176,0.12978653452034,0.706504422233276
"364","MBR","train",3.02369233559068,1.39059778001008,1.98021114656326,3.72269695646126,0.965121704425865,0.27004964326716,1.0565427883877
"365","MBR","test",2.66039916718674,0.887285264445332,1.68598791826416,3.27598917716572,0.469365398766434,0.122674513206198,0.384944498216244
"366","MBR","test",2.95185142123425,1.12004390023798,2.22550751259007,3.43640944070667,0.80412579650176,0.0389776223326919,0.10636090880675
"367","MBR","train",2.78927088484695,0.668590900036834,1.68598791826416,3.10286630953993,0.75645352928496,0.298634783124436,0.212773373519913
"368","MBR","train",2.99928834689085,0.135514280998786,1.55397157487091,3.09965461027832,0.603977505033251,0.134559577422625,1.00226544116212
"369","MBR","train",3.67327649396794,0.594348345125055,1.68598791826416,4.29276765244792,0.80412579650176,0.186786876733249,0.369401413696624
"370","MBR","train",2.33716184246898,0.983630796908823,1.06904617419493,3.40721230557886,1.10713531886831,0.208897985493366,0.991598168659912
"371","MBR","test",2.40884619709975,0.340146550949133,0.865086199605542,3.2000527753601,0.396408595224045,0.107209969647868,0.350771183053166
"372","MBR","train",2.63858119784672,0.825075424613679,0.806810600074521,3.67811376867993,0.544464932184069,0.195844324747282,0.814394112097142
"373","MBR","train",2.94585784771101,0.220787776165875,1.09200441568777,3.48778667355876,0.305952944960507,0.186786876733249,0.706504422233276
"374","MBR","train",2.29216432803656,0.85698250711177,1.68598791826416,3.23891783322073,0.569432435924939,0.186786876733249,0.256549382152194
"375","GB","train",2.86214390685779,0.426364845287928,2.39372959164018,3.27722248570325,1.23135488483987,0.405960734741722,0.366161367804191
"376","GB","train",2.68068462198477,0.481600264553629,1.46669713001536,3.51867450702706,1.28727084995959,0.0319333402756055,0.380898330839155
"377","GB","train",0.00633766037455095,0.497330562965052,1.84749554034907,3.66193432772565,1.45261280333435,0.405960734741722,1.12382878276124
"378","GB","test",2.60191719354336,0.453883777987123,1.11085895673187,3.51740628839811,0.218167748420425,0.0355097850895585,0.121625492208471
"379","GB","train",3.61021698861063,1.38510735272078,3.10947919109925,4.52737827741138,1.28690086643596,0.833274639290563,1.12382878276124
"380","GB","test",2.56926760566531,0.889816946323162,0.680317379654695,3.7126853190474,1.49022965311244,0.269746373130767,0.265548899120325
"381","GB","test",2.74895891310656,0.477887831360863,1.4440432337049,3.68599031671039,0.863001482308211,0.0262471814777735,1.12382878276124
"382","GB","train",2.20668261615143,0.997202840907125,2.39372959164018,2.53182136370103,1.45261280333435,0.242367476911438,1.12382878276124
"383","GB","test",3.15635431111138,0.340721657313007,2.39372959164018,3.41717534182942,1.45261280333435,0.210238236161727,1.12382878276124
"384","GB","train",2.00397250813038,0.427388722733251,1.82594254961902,3.04466038970427,2.00027872759539,0.0911391538257549,1.12382878276124
"385","GB","test",3.43431495913269,1.06280753317216,2.39372959164018,3.68098131579346,1.20888724679395,0.468731230635349,1.12382878276124
"386","GB","train",3.42777789394913,0.968361515917082,3.16995587028049,3.57900242158031,1.20668288598846,0.405960734741722,1.12382878276124
"387","GB","train",3.03551962983999,0.623094157521844,2.39372959164018,3.26549941345091,1.45261280333435,0.0106814931314435,0.692203369732837
"388","GB","train",2.95116760549435,0.707340194607043,1.51064686980572,3.39361668299189,1.34657984383182,0.405960734741722,1.3478060143835
"389","GB","train",4.34894081194669,0.444419564658637,2.87898273018853,4.34853983458205,1.63010737561831,0.57978359661681,1.12382878276124
"390","GB","train",3.13520623658101,0.883916827387913,1.97047054420132,4.06622816268634,1.36589588033664,0.631707512662917,1.12382878276124
"391","GB","train",3.53966558592678,0.356637647372693,2.21522210206683,4.09650588600404,1.58449631536617,0.471482406627663,1.66018410657524
"392","GB","train",3.84440571941625,0.841465840801848,1.4866004793062,4.15177662763586,1.89779033334259,0.13953277159794,0.648447836938991
"393","GB","train",2.82347977193237,0.334353208383517,1.21845672640048,3.38959805451572,0.581517309425811,0.0243625043532822,0.120244795546365
"394","GB","train",3.55871923581089,0.449555531677028,0.216799061647665,3.21412391169504,0.919004831706366,0.157698479275516,0.513150985376206
"395","GB","train",3.59448085899197,0.789876721137764,1.07467384581735,3.63107272509759,1.72876677417346,0.0275126924488108,1.12382878276124
"396","GB","train",3.77367377701135,0.727972084603421,2.51492703021859,4.35600480392301,1.85167164927729,0.692194547361108,1.94332927450061
"397","GB","test",3.84440571941625,0.841465840801848,1.4866004793062,4.15177662763586,1.89779033334259,0.13953277159794,0.648447836938991
"398","GB","train",2.82347977193237,0.334353208383517,1.21845672640048,3.38959805451572,0.581517309425811,0.405960734741722,0.120244795546365
"399","GB","train",3.55871923581089,0.449555531677028,0.216799061647665,3.21412391169504,0.919004831706366,0.157698479275516,0.513150985376206
"400","GB","train",3.59448085899197,0.789876721137764,1.07467384581735,3.63107272509759,1.72876677417346,0.0275126924488108,1.12382878276124
"401","GB","train",3.36979903497511,0.543111543953439,2.22707569309946,3.91476461493717,1.76163921471302,0.337918272572673,1.21809941642921
"402","GB","train",3.29754803771571,0.91537872682655,1.60843617024993,3.32469586736002,1.45261280333435,0.405960734741722,1.12382878276124
"403","GB","test",3.26783606619032,0.861940438671622,1.95463609137272,3.32021799072991,0.690984185106482,0.405960734741722,1.12382878276124
"404","GB","train",3.81472588215687,0.727972084603421,2.39372959164018,3.72876730131911,1.40673599457886,0.759373179795554,1.12382878276124
"405","GB","train",2.43220194739561,0.117801407997328,1.74798246401165,3.40581779958545,0.935648313051383,0.0394141191761371,0.1136760118971
"406","GB","train",2.89012456895265,0.599719362397098,1.82826021330151,3.66348216864714,0.869718560837284,0.180039810927176,0.454585729867542
"407","GB","train",2.33652157137905,0.0891276290442785,1.26201895351937,3.59881167400098,0.764220979762992,0.405960734741722,1.12382878276124
"408","GB","train",2.52328761472599,0.35281901669987,2.14175414321104,3.87441336888692,1.45136728493483,0.0501089629178675,1.1868094750516
"409","GB","test",2.34417861113446,0.413299764081252,1.23428185032242,3.90993893273063,0.589960765564777,0.0747798823319326,0.277723788762453
"410","GB","train",4.34476230586615,0.727972084603421,3.05544412047652,3.63180073815501,1.45261280333435,0.939763786401352,1.12382878276124
"411","GB","train",3.35908519302686,0.684360547709816,1.76705489015711,3.62976593117006,1.14813973650122,0.405960734741722,1.7937401097509
"412","GB","train",3.29725439998302,0.622794076739478,2.39372959164018,4.34478587067088,1.22529635610251,0.478840548481802,0.629766267319319
"413","GB","train",3.25402237632992,0.561649870836353,1.72584223759521,3.45558087561235,0.571009672309305,0.205529151061801,0.429429264381788
"414","PHB","train",3.22630595462917,0.534381523317256,0.931640907069861,2.6882776740931,1.17732290727048,0.0472359154596811,1.15701529821689
"415","PHB","train",3.11443422843932,0.939224631161745,1.80595190950872,2.65420754804897,1.17732290727048,0.179695383324506,0.677524830453708
"416","PHB","train",3.23642391196057,0.743007762670625,1.45131198212745,3.64067357722269,0.230627711710632,0.0153178330691167,0.56262589414616
"417","PHB","train",2.92651191190199,1.34065228832124,1.22960505984138,2.62980151061561,1.17732290727048,0.323169566062373,0.500154110287306
"418","PHB","train",3.94166986159111,1.26663615970434,1.80595190950872,2.79757358633771,0.984734285221435,0.323169566062373,0.689681712690806
"419","PHB","test",2.45215749899226,0.919710759427243,0.75106344325651,2.43660339924757,0.435207103240748,0.0266149679346756,1.15701529821689
"420","PHB","train",2.90557436067147,1.21366382537459,1.80595190950872,3.09350412324158,0.868368141584095,0.088384186097703,1.15701529821689
"421","PHB","train",3.25736941994538,1.17815647788226,2.25071024823944,3.70564018119024,0.239724804286466,0.132291715966803,0.696880371682762
"422","PHB","train",3.44566000419462,0.668022299172291,1.47687508475851,3.76006085060324,0.762603549566803,0.323169566062373,1.69424620930409
"423","PHB","train",3.53442042384454,1.30680018168931,1.80595190950872,4.03556096735199,1.17732290727048,0.323169566062373,1.32160878547976
"424","PHB","test",2.95998183787138,1.09446763470577,1.80595190950872,3.96914537727841,0.316054258988606,0.391393875135699,1.15701529821689
"425","PHB","train",2.72402693934074,1.18001685758325,1.21999295858124,3.12158620306021,0.980612321013043,0.112135602681912,0.492215433604093
"426","PHB","train",3.03041495573279,1.07932236882303,1.80595190950872,3.39097563936355,1.5668521426449,0.765653655893444,1.41952288967537
"427","PHB","train",3.08209242317186,0.616034168348878,1.91623069013154,3.3721889451622,0.516350246993911,0.791655567273509,0.280396238060142
"428","PHB","train",3.23398157647257,0.842671633760788,1.29479457854044,3.42860137746052,1.17732290727048,0.102159183243685,1.15701529821689
"429","PHB","train",3.81845501260781,1.33867358657684,1.80595190950872,3.80269198816673,1.34400300286617,0.304942682402465,1.27526066469459
"430","PHB","train",3.39810283857405,0.425093833965442,1.84175791238659,3.44011495078581,1.17732290727048,0.131714878465068,0.168025808774629
"431","PHB","train",2.77601070267848,0.416074390922394,1.32539044699888,2.96575651880938,1.17732290727048,0.13433651094868,1.26197143979105
"432","PHB","test",3.6282880291671,2.1251851288196,2.94034811338267,3.52295044572318,0.58773340859825,0.0717715794167556,1.11847967015816
"433","PHB","test",2.99826631498585,1.15514162439846,1.40113505746999,3.12542882188221,1.09283288723351,0.323169566062373,0.833351137746312
"434","PHB","train",2.81901752809919,0.654946226584344,2.05251233886317,3.26260240194246,1.17732290727048,0.323169566062373,1.15701529821689
"435","PHB","train",2.89349378126768,0.539891204534791,1.86660629542781,2.9907230664862,0.472390727626629,0.323169566062373,0.340404451432455
"436","PHB","train",3.11717955368928,1.2692910704777,1.92497618287724,3.24820117434923,0.693287157005656,0.0680744899076482,0.520535933136838
"437","PHB","train",2.67607079640597,1.09904150268352,1.65891626753885,2.73028182226262,1.11410701707667,0.176467484599134,1.0412939706489
"438","PHB","test",3.38644167413842,1.12359033260667,1.99240151025472,3.51271920773956,1.22066498820544,0.471438407389299,0.883457013176719
"439","PHB","test",2.1838708898385,1.24710380764918,2.05109924572323,2.66187626386625,1.13997034159559,0.158483112699248,1.16708683161889
"440","PHB","train",3.47503677142785,1.14287417855737,2.16701943066751,3.91346788380274,1.5528397103206,0.297278910233113,1.15701529821689
"441","PHB","train",2.37572230832234,1.04195295829995,0.537491677290796,2.95718935890628,0.576479565180249,0.770586937520651,1.14214847221228
"442","PHB","train",2.53146537706205,0.485735618879807,1.16159257923657,2.9444876072867,0.940765435631218,0.0370677580425578,0.828286010419541
"443","PHB","train",2.3699255528588,1.48587184231002,1.40761521784922,3.76509422856899,1.07601749621732,0.0854332974169896,1.58140801629163
"444","PHB","train",2.52219767206686,1.22064669766625,1.80595190950872,2.89669890890031,0.500016801334914,0.0269824431916052,0.423032771538936
"445","PHB","test",2.30284523917598,1.70609960347874,1.13970596351935,3.03843889657583,0.762070576123336,0.153967221645479,0.680272041942144
"446","PHB","train",2.38224782408062,0.873245015207742,1.80595190950872,3.63946671646649,1.17732290727048,0.142670977910689,1.23493720213953
"447","PHB","train",3.48319041726557,1.90030648708015,1.92842862796194,3.70050785981459,1.72108728783545,0.564606892035648,1.56743339999344
"448","PHB","train",2.73708007744187,0.668507054906802,1.07157273843058,3.07954033147529,0.740386377638131,0.0533089811240999,0.392767278655642
"449","PHB","test",2.82333707218478,0.962554001799355,1.96374014674709,3.42769080894775,1.55269984425048,0.190611797813605,2.02944222086052
"450","PHB","train",2.70163066399071,0.911871077099282,1.31807795039651,3.07898613162011,1.00433857322352,0.242938770029581,1.113318186652
"451","PHB","train",2.00485896408314,0.760580791096656,2.02940123029034,3.82852325269844,0.675228253593064,0.160558562107558,0.795323764329314
"452","PHB","train",2.68787750538538,1.07714615861265,0.48964916287183,3.58873475964634,1.22821294535633,0.227192306514037,1.33791627792114
"453","PHB","train",2.26125025622166,0.645932903719387,0.666283922623102,3.34536175053253,0.436782624993158,0.0542682395471875,0.652739357685513
"454","PHB","train",2.89592539546951,0.893234520361536,1.80595190950872,3.56930554089763,0.768238396039458,0.501647969106815,1.37002615524591
"455","PHB","test",3.35291414130839,1.43086323293147,0.80912183285429,3.94064314896476,1.8717585217544,0.289945516176668,1.63685182903783
"456","PHB","train",3.07179731162406,0.816082140028395,2.03229553839917,4.04747726765702,0.964000202059077,0.0518082943170916,1.42018852078241
"457","PHB","train",2.28562301076762,0.993643407882059,1.71074591744941,2.52278722979151,0.821356289271302,0.130623201682595,0.961795896924229
"458","PHB","train",2.47584269351372,1.115703683637,0.993559667223104,3.28946283723146,0.445573069936769,0.168409083519626,0.540542189438293
"459","PHB","train",2.76628142340209,0.697072340474979,1.21811518630455,3.55301147719025,1.08316566009054,0.0417478717232662,0.502877569254076
"460","PHB","train",2.92942061179548,0.911487866668563,0.815637509508028,3.95175179547335,0.917279638701687,0.166962663857167,1.18380490648295
"461","PHB","train",2.5347196612188,1.38013161375714,1.80595190950872,2.8416627448924,1.17732290727048,0.569350496882519,1.01194241584621
"462","PHB","test",2.68182388670163,1.80695761449483,1.46414364335023,3.79412666511388,1.75762071046544,0.120541028862419,1.7009787408922
"463","PHB","test",2.47757167397492,1.2516479524284,1.86861740433805,3.67126282217308,1.37924204627816,0.303088010528054,1.21397704277094
"464","PHB","test",2.37002948973265,1.39888747356505,1.86487817762112,3.64017529558625,1.35773098552236,0.156246190397344,0.722313018306591
"465","PHB","train",2.16083544046105,0.405790162302506,0.957252811767583,2.49251650121353,0.499081947388326,0.18974290024157,0.264392761767717
"466","PHB","test",2.38941985090288,1.24873078044658,1.59604920928628,2.9176471179285,0.693163935418248,0.699898401496259,0.731645163405363
"467","PHB","train",3.28807856038006,1.28630823640787,1.57342978784461,4.24645387866186,1.8497786177845,0.398460849608223,1.24034702964165
"468","PHB","train",2.43872773476219,1.65482893778016,1.31726081952301,2.38530144561975,0.875043891264979,0.206690981021632,0.631595948357801
"469","PHB","train",3.17011869745627,1.67916796900714,1.42918199513468,3.72992972172616,1.4173255197945,0.715326319026051,1.09350923570822
"470","PHB","train",3.03288694954392,0.604485256005864,1.82721607968077,3.65142791666168,1.00793971251427,0.269979676645324,1.25561256927305
"471","PHB","train",2.10884397847665,0.654186171360603,0.869947129174185,3.13123757539017,0.411989876788859,0.00384812203429799,0.98185030634092
"472","PHB","train",2.40692304232606,0.648311211106516,1.80595190950872,3.40503177129017,0.762506011783351,0.276898177205339,1.10322884084932
"473","WRL","test",2.81446349032919,1.0765348605103,2.1451845926462,4.03808721441842,2.01977533592311,0.228477354445056,1.79126526716588
"474","WRL","train",3.21170086864375,0.820024026104019,2.04811421111229,4.3837453312459,1.07480912922872,0.481241918012922,0.988429630232777
"475","WRL","test",3.07742601326912,0.115111035504348,2.16087562264875,4.09350055148259,1.5159201836383,0.252367514459899,0.834089928948096
"476","WRL","train",3.23614337129276,1.61563762584061,1.86282879231635,3.78799282128013,0.709481967073233,0.120508124026104,1.41897376110416
"477","WRL","train",3.06716388260284,1.28574628724596,2.1451845926462,4.23104334710714,1.75946764544417,0.144760960776073,1.13944772482747
"478","WRL","train",2.48984504207181,0.496597576323709,0.894720255878517,3.90685722281011,1.08621029371822,0.18957452553725,0.891715821854713
"479","WRL","train",2.65779429060832,0.816247930391275,1.60913105696363,3.80463865894205,1.67585621450418,0.256067982688279,1.905983584494
"480","WRL","test",2.46326332809876,0.584523447607514,2.1451845926462,4.30799943352092,1.4622916576112,0.396791955141482,1.45598319937527
"481","WRL","train",2.94750586955953,0.204201405238153,2.12838634309445,3.60779661961629,1.677528480662,0.162922686055427,0.898522244083601
"482","WRL","train",3.13938837121437,0.539427408845252,0.503218507930033,3.71822688369492,1.05810701976892,0.224325836319485,0.593031176596723
"483","WRL","train",2.8331403519167,1.19949188868409,1.89076183694509,3.69500702052645,1.68541298311958,0.296928319310418,1.63759979020359
"484","WRL","train",3.74115757331554,1.1296351186698,3.23039958783257,4.66480199580894,1.49990142825635,0.285557309007774,1.60628030463703
"485","WRL","train",3.59150376843257,2.06244584635397,2.1451845926462,3.35911380249507,1.47092181638737,0.228477354445056,1.42069820290881
"486","WRL","train",2.08023060800218,0.590841834781603,0.674125982742708,3.07323955630127,0.250907699700856,0.0332628758844791,0.248610744968304
"487","WRL","train",2.5580086968136,0.416274280991236,0.758381941774675,2.95187354640699,0.712051714386245,0.0300327049361713,0.227526784937202
"488","WRL","train",2.54824565330947,0.336979775200655,0.50559761373201,3.01452994696974,1.35989616553863,0.164085057458859,0.226522575863549
"489","WRL","train",2.63981696519294,0.428345408184885,1.73517237919643,3.47768473354234,2.33940870542187,0.256669648687233,1.14094463200443
"490","WRL","train",2.34716661177986,0.341671887208518,2.1451845926462,4.2467145861123,1.97947553094648,0.0453621026533479,1.42069820290881
"491","WRL","test",3.24746956081676,0.965258160343726,0.808798190369372,3.6253776519874,1.12139239680459,0.276806345628763,1.3230663763639
"492","WRL","train",3.41560326935637,0.87464993655673,0.980725836532267,4.41577436987082,1.34640187873332,0.242417184417719,0.79140991566716
"493","WRL","train",3.18990043984141,0.986458212737306,2.1451845926462,3.92019010437285,1.21066624430912,0.360195664606159,0.178487731047398
"494","WRL","train",1.79309020148034,0.928467545899461,1.99273064557938,4.32839384724858,1.98142534511458,0.107854147536859,1.42069820290881
"495","WRL","train",2.96003345643866,0.784182067017202,1.51488761776826,4.33651906002629,2.11180907139173,0.181843587944773,2.19556315132065
"496","DB","train",2.81200238791834,1.23177532397509,2.14205767359488,3.24078829404194,1.12914184579229,0.103119253545714,1.07754958045179
"497","DB","train",2.33597914234035,0.897297122059497,1.57403126772772,3.46972498816954,0.505963518018126,0.0232524596337114,0.833274639290563
"498","DB","train",2.81200238791834,1.49329071430602,1.08163530150295,3.69377266172637,1.18089968676623,0.216429830876251,1.24590730162768
"499","DB","test",2.54065476091012,1.10873410860236,1.28871860026681,3.80636769791109,1.02747192702128,0.109578546904387,0.683227206041435
"500","DB","train",2.52694247592792,1.23080642846888,1.00190670404088,3.65175518486986,1.08799425509971,0.129045059887958,0.735838334317074
"501","DB","test",2.28012061773137,0.931966114728173,1.69876149293797,3.18915133629851,1.3440580724513,0.0277572046905535,0.34713478291002
"502","DB","test",2.20618880341895,0.948999454026953,1.10602081914027,3.25980619650252,1.3641380786626,0.0689276116820718,0.610553705317095
"503","DB","train",2.51152642471984,0.607669436688243,0.934144811792477,3.18590802057815,0.88275215561308,0.0115704435972782,0.474507639116976
"504","DB","test",3.54388262307156,1.17260293120986,1.57403126772772,3.57964574338653,1.43410562246242,0.0224283711854865,0.712144414214886
"505","DB","train",2.73019986613662,0.648457594282523,1.59920600543053,3.05509074546424,0.977220446635385,0.0314084642516241,0.438384107034714
"506","DB","train",3.49447504633779,0.638888424705076,2.05438704007331,3.15565753931269,0.946992340748372,0.0780941504064107,0.438384107034714
"507","DB","train",2.75574226132838,0.773201142356344,1.61723106433035,2.98476847108266,0.591843411224784,0.028977705208778,0.713154401837298
"508","DB","train",2.48168479123033,1.15213539686188,1.57403126772772,2.84924799643517,0.625312450961674,0.0334237554869497,0.884795363948981
"509","DB","test",2.58639486733753,0.495683067616915,1.11467769101088,3.30019948245571,0.304275050477128,0.0437551269686795,0.712144414214886
"510","DB","train",3.21102624691877,1.60007944226152,1.93880982503814,3.10007643508173,0.89894446686651,0.0370278797557749,1.00842982679723
"511","DB","train",2.68341090023227,0.610766594773271,1.57403126772772,3.29735797319334,0.513483956704257,0.0394141191761371,0.581380688709987
"512","DB","train",2.51994737554681,0.441380884916511,1.57403126772772,3.30640422381057,0.335257256434532,0.00389116623691048,0.176091259055681
"513","DB","train",1.94947783260297,0.466274321789292,0.507990724819691,3.31646520108906,0.391111613702803,0.122870922864436,0.333245698961963
"514","DB","test",2.28065802924061,0.824776462475546,0.858055718050364,3.11554661077379,0.536053155159205,0.0253058652647703,0.480868923687168
"515","DB","train",2.3897630503836,0.708335902682263,1.11119528020713,3.16340201958949,0.521399628115376,0.0170333392987804,0.591621038213319
"516","DB","train",2.42321145678396,0.923503066942104,1.20227029773729,3.44145129684414,0.731346975545955,0.0795430074029061,0.722716167488495
"517","GB","test",2.99952592606586,1.00672269220168,1.64572675826114,3.42090553335396,0.923295840655504,0.149834696715785,1.03842144564246
"518","GB","test",2.9807421803234,1.4439510531796,1.42000528495905,3.25527588293614,0.730862992046494,0.205204363948145,0.977769318091574
"519","GB","train",1.92765261404898,0.542451947375977,1.53277985006267,3.13536961923503,0.304275050477128,0.0398105541483504,0.488127496247458
"520","GB","train",2.25809347576508,0.926548224635619,1.66750898727258,3.15181403163218,0.843606471924511,0.0941215958405614,0.884908594162607
"521","GB","test",3.05851295057907,1.71530958901018,1.65157842634378,3.3479892519555,1.33847641491292,0.228143607597742,1.64625664901382
"522","GB","test",2.75442096691858,0.293362554711445,1.53277985006267,3.23320888795316,0.554004321011903,0.0652061280543119,0.344981413927258
"523","GB","train",3.18632929038786,0.894980290927969,1.53277985006267,3.54701692050856,0.923295840655504,0.0637085593914174,1.13789189824736
"524","GB","test",3.37176365422314,1.2043913319193,1.53277985006267,3.68459458289357,1.02698244319161,0.151982395457474,0.880127322216625
"525","GB","test",3.75455618151251,0.369772288596963,1.91243994646372,2.86475663719252,0.488127496247458,0.130976691605617,1.03842144564246
"526","GB","train",2.59910544748051,1.45041848093681,0.793930006772685,3.04621100456089,1.11257148986498,0.185825359612962,1.08753297573409
"527","GB","test",2.6367115054508,0.985381560231997,1.5173938594281,3.40912529448347,0.345177616542704,0.0759117614827775,0.710286647702891
"528","GB","train",2.33897216105916,0.672928690442722,1.10503305039359,3.34254998940667,0.554246808166111,0.0441476208787228,0.630427875025024
"529","GB","test",2.71939841510284,0.969462507974637,1.53277985006267,3.46170287023063,0.665956029453957,0.0891983668051489,0.811306840081336
"530","GB","train",2.07980328911391,0.851869600729766,0.778946727968617,3.02455749685744,0.557867961568022,0.0136796972911926,0.419625360887743
"531","GB","train",1.02747192702128,1.1908077601319,1.20167017964658,2.32719335998999,0.614264287358705,0.0576661039098292,0.72476724564631
"532","GB","test",2.56304894918336,0.769525020171051,0.999782798454136,3.2381956955769,0.721975401585953,0.0378247505883419,0.553276046137099
"533","GB","train",2.89079143638847,0.66143405039392,1.53277985006267,3.19352363183129,0.394801777162711,0.118595365223762,0.896415976473123
"534","GB","train",2.32512758048804,0.413299764081252,2.16339993278686,3.29593790606908,1.23055109629509,0.129045059887958,1.03842144564246
"535","GB","train",2.6024875608492,1.66879578667889,1.71652918962622,2.6219714136663,1.56180475262291,0.273232834043046,1.50801769042039
"536","GB","train",2.22198509667831,0.789298611159441,1.06032002868829,3.32405845801745,0.757623745908389,0.0464951643347083,0.698187569866122
"537","GB","train",1.80178775013502,0.899765801944386,0.931813703959139,3.27012682669627,0.720903170813457,0.117271295655764,0.764250875438773
"538","GB","train",2.25570899291272,0.98833595585605,1.41747169320329,3.09126342137333,0.806925776883732,0.0729847446279304,0.591732238951836
"539","GB","test",2.71924591154744,1.08887995610805,1.4797624037197,3.24281588126361,1.09177244141968,0.201670179646582,1.35579621350297
"540","GB","train",2.54891737609404,0.989805650936826,1.00268431298973,2.99829073207083,0.60959440922522,0.0584260244570054,0.605951157564873
"541","GB","train",2.61978389416296,0.906765889540728,1.26088195046359,3.06031776082606,0.477121254719662,0.288472800599783,1.07532793416326
"542","HBR","train",3.01888765423126,0.833465860170692,2.15812115033749,2.78021358763956,1.05095945977165,0.126131407261984,1.110353982664
"543","HBR","test",2.5692076518752,0.700097704613054,1.62180959880665,3.25216659464822,1.01102035551626,0.13481437032046,0.769525020171051
"544","HBR","test",2.83200598962434,0.782185866492016,0.664453928581158,3.19857324353448,0.631342286483933,0.0870712059065354,0.694166295933198
"545","HBR","train",2.09852951384508,0.864451747158183,1.70294724618156,2.92930548339944,0.899984562549391,0.024895960107485,0.680969718465897
"546","HBR","train",1.88166420448974,0.264109156305808,1.70294724618156,3.04180191354562,0.241048150671644,0.0472748673841795,0.199755177253475
"547","HBR","train",2.66356336131792,1.05373131588761,1.59861544096133,3.41259845813027,1.20044007643643,0.246005904076029,0.74927240829842
"548","HBR","train",2.27857070161052,0.608846822326412,1.43195850103711,3.40798932544266,0.75350645699097,0.0515383905153274,0.836577274840649
"549","HBR","test",2.6534054906645,1.0883133155881,1.680996877997,3.40016604646023,0.807737922014101,0.0191162904470728,0.527114111639805
"550","HBR","test",2.20602398423867,1.14229558828976,1.2449694601362,3.30749903303724,0.880127322216625,0.0338256939533103,0.631342286483933
"551","HBR","train",2.53261553539746,0.526468512469477,1.70294724618156,3.3204341964709,0.809290301176316,0.0614524790871932,0.565139151969789
"552","HBR","test",2.41725906106849,0.823409014892545,1.20558325864075,3.18683263710761,0.534787358629492,0.0606978403536116,0.549738731264899
"553","HBR","test",2.25944096502251,1.77576331605497,2.28606781116709,3.10170790321559,0.57135939275384,0.144262773761991,0.59802407233419
"554","HBR","test",3.1254864706969,1.6388684750286,2.10019127547955,2.91899384153993,1.17234017362481,0.146128035678238,1.54065476091012
"555","HBR","test",2.10993609366199,1.0344279050254,1.2485127322209,3.17118156225574,0.764475027434409,0.0178677189635057,0.811507979945327
"556","HBR","train",2.12426288307653,0.564429326997984,1.70294724618156,3.2090772825403,0.376394442037266,0.0216027160282422,0.437909035539498
"557","HBR","test",2.12936114735318,0.724275869600789,1.07390155831421,3.06809565275482,0.577491799837225,0.0492180226701817,0.418301291319745
"558","HBR","test",1.8331789972681,1.07375499812319,1.50264557797792,3.23055084088776,1.06881642992222,0.0809870469108872,0.972156535859494
"559","HBR","train",2.56016018854864,0.986368593570273,1.59847314801658,3.31317411546592,0.617000341120899,0.0737183503461227,0.822429623779357
"560","HBR","train",2.16579908490325,1.01140125992474,1.514946005308,3.31370506754963,0.866582677063549,0.145507171409663,1.14448080090275
"561","HBR","train",2.59382638308522,0.525304009958239,1.70294724618156,3.23306848677461,0.572057989926305,0.0715138050950892,0.161966616364075
"562","HBR","train",2.11076810472105,0.646011409591239,1.17169720724884,3.19541778856654,0.497758718287268,0.0429690733931801,0.588383768378728
"563","HBR","train",2.14859031671942,0.686368103473036,1.4703369751938,3.3082247414408,0.540954808926133,0.0955180423231508,0.406199423663313
"564","HBR","train",1.45560611258187,0.828015064223977,1.24452451157008,2.98758583257455,0.551449997972875,0.0969100130080564,0.167317334748176
"565","HBR","train",2.88527073258835,0.556302500767287,1.29225607135648,3.20645346399082,0.691081492122968,0.14921911265538,0.457881896733992
"566","HBR","train",2.28053284445138,0.406540180433955,0.81424759573192,3.32809201752797,0.494154594018443,0.136720567156407,0.257678574869184
"567","HBR","train",2.18619324992035,0.990782691803138,0.959518376972998,1.49164179347759,1.1034616220947,0.146128035678238,0.594392550375427
"568","HBR","test",2.33723956254372,1.06145247908719,1.20547503674089,3.01237738816108,0.597695185925512,0.267171728403014,0.92531209149965
"569","HBR","train",1.92402070047407,0.416640507338281,1.25406445291434,3.38823267835965,0.488550716500444,0.0530784434834197,0.440909082065218
"570","HBR","train",2.5656943723223,0.396199347095736,1.23274206272074,3.34330813312167,0.537819095073274,0.0644579892269184,0.639486489268586
"571","HBR","train",2.47017519665518,1.10414555055401,1.42862067267194,3.14989928245223,1.12450422483428,0.214843848047698,0.781036938621132
"572","HBR","test",3.05746450189225,1.20763436738896,0.89707700320942,3.33670783124568,0.705007959333336,0.220108088040055,0.787460474518415
"573","HBR","test",2.54233984084204,0.656098202012832,1.19173039336286,2.92987341968412,0.181843587944773,0.225309281725863,0.628388930050311
"574","HBR","train",2.51711668808589,0.800717078282385,0.773054693364263,3.08634203135583,0.789580712164425,0.0969100130080564,0.399673721481038
"575","HBR","train",2.2674064187529,1.01745072951054,1.0899051114394,3.01349870354742,0.670245853074124,0.0530784434834197,0.238046103128795
"576","HBR","test",3.20472485916461,1.72024201828706,1.54826654517075,3.09691696166418,1.25527250510331,0.195899652409234,1.14426277376199
"577","PHB","train",2.91142396537629,0.650307523131937,1.85375903307477,3.16311364768625,0.589949601325708,0.117271295655764,0.731588765186739
"578","PHB","train",1.96051834278071,0.45178643552429,1.0484418035504,3.24555708202411,0.535294120042771,0.0644579892269184,0.429752280002408
"579","PHB","train",2.95123063228136,1.12057393120585,1.8685268867682,3.55922653561042,1.08098704691089,0.225309281725863,0.81690383937566
"580","PHB","train",2.96597737400037,1.15106325335375,1.99109310804889,3.36451534985163,1.35468455395473,0.127104798364808,0.598790506763115
"581","PHB","train",2.49942587765473,0.89209460269048,1.96651717644679,3.28248162976336,0.960470777534299,0.342422680822206,0.910090545594068
"582","PHB","test",2.81294676262587,0.562292864456475,1.82801506422398,3.19321924196665,0.582063362911709,0.0606978403536116,0.592176757395867
"583","PHB","train",2.89201664540248,0.840733234611807,1.99475694458763,3.21367444661323,0.582063362911709,0.27415784926368,0.998695158311656
"584","PHB","train",3.6043373132884,1.16879202031418,2.52874963180785,3.81390842054387,0.881954971339601,0.139879086401236,1.9017851453036
"585","PHB","test",2.64933485871214,0.267171728403014,1.12807601266872,2.80762972370594,0.201397124320451,0.222716471147583,0.0969100130080564
"586","PHB","train",2.37628489619688,0.480006942957151,1.99475694458763,2.90714253100314,0.15836249209525,0.0334237554869497,0.0530784434834197
"587","PHB","test",2.99482287497997,1.0927206446841,2.33992820777851,3.02833940443662,0.481442628502305,0.227886704613674,0.8561244442423
"588","PHB","train",2.68117789814505,0.841984804590114,1.99475694458763,2.86209558433669,0.881954971339601,0.0253058652647703,0.290034611362518
"589","PHB","train",2.58712702447846,0.260071387985075,1.99475694458763,2.9222218618896,0.881954971339601,0.0681858617461616,0.998695158311656
"590","PHB","test",2.11095988112488,0.437750562820388,2.14451193870394,3.12552030165243,0.60959440922522,0.136720567156407,0.363611979892144
"591","PHB","train",2.79809793206249,1.28103336724773,1.99475694458763,3.35323127833441,1.45209324901773,0.0681858617461616,0.65417654187796
"592","PHB","train",2.56125646113041,0.617000341120899,1.99475694458763,3.26504199327372,0.968015713993642,0.0718820073061254,0.40823996531185
"593","PHB","train",2.91142396537629,0.984077033902831,1.99475694458763,3.32257485700394,0.737192642704737,0.0644579892269184,0.632457292184724
"594","PHB","train",2.63358963713139,0.372912002970107,1.39984671271292,3.22055523341377,0.551449997972875,0.0334237554869497,0.44870631990508
"595","PLR","train",1.78447464376252,0.86391737695786,0.726727209026572,3.02566626204913,0.82020145948564,0.181843587944773,0.658964842664435
"596","PLR","train",2.16867422956708,0.624282095835668,0.61066016308988,3.10749149121127,0.491361693834273,0.0374264979406237,0.987219229908005
"597","PLR","test",2.02869322839392,0.556302500767287,1.2692793897719,3.16873901843146,0.494154594018443,0.0253058652647703,0.519827993775719
"598","PLR","test",1.89381722396746,0.531478917042255,1.64991871873542,3.34467908843256,0.640481436970422,0.0334237554869497,0.389166084364532
"599","PLR","train",2.00582375302903,0.731588765186739,0.904174368284164,3.21607084871532,0.672097857935718,0.332438459915605,0.658964842664435
"600","PLR","test",1.92793468174118,0.712649701627211,1.22219604630172,3.08681168896308,0.440909082065218,0.394451680826216,0.7481880270062
"601","PLR","train",2.17108257735753,0.606381365110605,1.2692793897719,3.2259912088235,0.45484486000851,0.3654879848909,0.655138434811382
"602","PLR","train",0.801403710017355,1.19506899646859,1.61394747678035,3.22969719718407,0.943988875073772,0.146128035678238,1.14829409743475
"603","PLR","test",1.68133170596917,0.863322860120456,1.14952701375435,3.01291732989139,0.673941998634088,0.0413926851582251,0.787460474518415
"604","PLR","test",2.88043055854653,0.110589710299249,1.2692793897719,3.38423689359103,0.713490543093943,0.181843587944773,0.622214022966295
"605","PLR","train",3.68038719047657,0.873901597864461,1.2692793897719,2.6239931578054,0.861534410859038,0.181843587944773,0.722633922533812
"606","PLR","train",2.77240973046715,1.44466923093852,1.27253777737524,2.96480628015184,0.873320601815399,0.100370545117563,0.634477270160732
"607","PLR","test",2.48052433666943,1.23375736296551,1.52139962811538,2.87303562976463,0.894869656745253,0.110589710299249,1.07188200730613
"608","PLR","test",2.90180692482177,0.696356388733332,1.6144753660904,3.32178064266196,0.691081492122968,0.181843587944773,0.94101424370557
"609","PLR","train",2.46328066495325,0.803457115648414,1.01911629044707,2.80635637028909,0.725094521081469,0.15836249209525,0.722633922533812
"610","PLR","train",3.10771861052026,1.04099769242349,0.474216264076255,2.60582201215621,1.04688519083771,0.222716471147583,0.666517980554881
"611","TFP_1","train",1.72801270666123,0.241297387109993,0.678518379040114,3.17491562652604,0.646011409591239,0.00774777800073995,0.256958152560932
"612","TFP_1","train",2.82232110196767,0.643551368562945,1.34812955186921,3.21803449107758,0.477555332198981,0.0366288953621611,0.289365951520032
"613","TFP_1","train",1.85241289239574,0.581608366032057,0.712733859069952,3.16095957343036,0.712649701627211,0.0203612826477079,0.650598898172657
"614","TFP_1","test",2.60788374435699,0.660770643527697,1.31266386615063,3.29437450759174,0.804003054729613,0.190331698170291,0.683407299132095
"615","TFP_1","train",2.58871642077437,0.686278678067201,1.01144356202207,3.18042151930116,0.654946226584344,0.0350292822023682,0.522574632691177
"616","TFP_1","train",2.79501334367731,0.857875025523563,1.33625955201419,3.18093175585447,0.764624397850981,0.0941215958405614,0.278067330888663
"617","TFP_1","test",2.52621646843305,1.43676673917345,1.31439395722196,3.28763424801542,1.04813092702897,0.0685568950723631,1.10605484009379
"618","TFP_1","train",2.86048653983229,1.18523041616756,1.39872103602553,3.10692249372157,1.03185263139563,0.128076012668715,0.6375897858387
"619","TFP_1","train",2.67399720205114,1.42462032827065,0.40925665203891,3.33928464815105,1.14804709359934,0.303412070596742,1.30377904659553
"620","TFP_1","test",3.16404904086552,1.37779783311123,1.32672491280211,3.37319990365095,1.07327833563583,0.103119253545714,0.596047007545439
"621","TFP_1","test",1.90857079697134,0.472171146692363,1.36511343162758,3.42252943490662,0.912806392661292,0.0538464268522527,0.632153483510633
"622","TFP_1","test",2.59150535923331,0.621280167550415,1.36511343162758,3.01744322003094,1.0290589500845,0.0178677189635057,0.688864568054792
"623","TFP_1","test",2.79602313722045,1.2342134748386,1.12943207415557,3.23410253170782,0.641771470653959,0.113943352306837,0.858958054718006
"624","TFP_1","train",3.30421987109724,0.772248339971854,1.27399611375928,2.99058168983096,0.715251028878849,0.0955180423231508,0.20002926655377
"625","TFP_1","train",3.17248412608077,1.3052223519237,1.73404736075742,3.49351716121324,0.978910577175572,0.322426052405953,0.678062904974345
"626","TFP_1","train",2.8597277686863,0.957655166943491,1.36511343162758,3.59052084186354,0.864511081058392,0.0856472882968565,1.3472909758561
"627","TFP_1","train",2.4331487408134,1.50018156686907,1.80301303425803,3.30510943014185,1.83620381340237,0.826528306340652,1.99028112264515
"628","TFP_1","test",3.12744820893735,1.36153897126928,1.36511343162758,3.5027970686752,1.26839073562993,0.107549129744686,1.09961159039253
"629","TFP_1","train",2.93249202901429,1.32242605240595,1.36511343162758,3.26134400883873,1.32469391386177,0.465977368285823,1.00646604224923
"630","TFP_1","train",3.49333367020728,1.72242001273106,1.14538289197487,2.93599771132746,1.33889455143836,0.597914471202528,2.25782251603448
"631","TFP_1","train",3.00941264900368,0.842858762445294,1.47149707204992,3.05612623332017,0.634578022853888,0.0301947853567512,0.669874502489803
"632","TFP_1","test",2.54680908063148,0.337459261290656,1.19545683362817,3.26156831429482,0.377306251068199,0.211120541258049,1.26913919679218
"633","TFP_1","train",2.9202078802059,1.05774215582875,1.36511343162758,3.10638606486225,0.53668467262093,0.0906107078284066,0.0744507189545912
"634","TFP_1","train",2.89075513490423,0.869055618701908,1.36511343162758,3.33978860912608,1.21248058772137,0.159867847092567,1.11737074102091
"635","TFP_1","train",2.86506131333345,0.34966598409663,1.32688861990744,3.07356366265633,0.540954808926133,0.211120541258049,1.26913919679218
"636","TFP_1","train",2.58862684250538,1.05534009954418,1.36511343162758,2.89937230248991,0.491361693834273,0.315970345456918,0.775319121829478
"637","TFP_1","test",2.79415749459625,1.18805620843837,1.36511343162758,3.05889574985996,0.885191540606848,0.0972573096934199,0.688864568054792
"638","TFP_1","train",2.86506131333345,1.16826171018288,1.57297609899514,3.27722494009779,0.841422044402359,0.130655349022031,0.665205628434601
"639","TFP_1","test",2.38830905875426,0.54082981411108,1.36511343162758,3.19630305458297,1.0290589500845,0.111262513659065,1.26913919679218
"640","TFP_1","train",3.02690570738108,0.626750853683393,1.72148085477005,3.25011759881239,1.0290589500845,0.0681858617461616,1.26913919679218
"641","TFP_2","train",1.91176466367086,1.21516150829488,1.57639894512424,3.2606444216617,0.706547102640357,0.264817823009536,0.813714391881145
"642","TFP_2","train",3.02379139123949,0.754118894225413,1.64920825218194,3.20682506678672,0.641374945192125,0.0986437258170569,0.666985718329661
"643","TFP_2","train",2.30180668785428,0.52608069180203,1.05350100238642,3.23764626779183,0.563955464995813,0.0253058652647703,0.0584260244570054
"644","TFP_2","train",1.9311373712823,0.971924949184191,1.27618597407067,3.14022952762104,0.242541428298384,0.0199466816788423,0.533772058384718
"645","TFP_2","train",2.36358189784725,0.537693194367391,1.27618597407067,3.35913891496373,0.714162046098853,0.04883008652835,0.431524584187451
"646","TFP_2","train",2.16437962653697,0.929009985493961,1.24635083645626,3.33670463089136,0.537441283407948,0.0538464268522527,0.834484285334805
"647","TFP_2","train",2.10964265713068,0.857995495560924,1.27618597407067,3.34199844434435,0.644044492814749,0.024485667699167,0.666985718329661
"648","TFP_2","test",1.82514688507921,1.16781928987713,1.58105034443693,3.51083471129853,0.881156321075564,0.188365926063148,1.12096856501938
"649","TFP_2","test",1.92273583527625,0.582631439489636,1.08703566480566,3.29506148488204,0.551449997972875,0.0314084642516241,0.483872454222674
"650","TFP_2","train",2.9179401116514,0.973035440686933,1.17017367380627,3.5167761852161,1.02787940920721,0.145507171409663,0.979184033674419
"651","TFP_2","train",1.88618604816906,0.340245761567932,1.10853119885787,3.26855176366644,0.334252642334231,0.00560944536028039,0.143639235274543
"652","TFP_2","train",1.73398326061607,0.2405492482826,0.578524605274993,3.16877464818746,0.292256071356476,0.00389116623691048,0.0806264869218057
"653","TFP_2","train",2.6081033000211,0.843295082736507,1.17542482979032,3.19347161686837,0.591064607026499,0.0216027160282422,0.219846386024361
"654","TFP_2","train",2.0609696613811,1.09173728299166,1.22002959399245,3.32415297095932,0.804003054729613,0.144885418287142,0.790988475088816
"655","TFP_2","train",1.9911462999917,0.716086853774832,1.27618597407067,3.12028595114762,0.507586039763011,0.124830149413859,0.670431409360606
"656","TFP_2","train",0.514946005308004,0.339451441306441,0.366422957225973,3.15979270313842,0.20112389720738,0.0972573096934199,0.143014800254095
